SALE TYPE,SOLD DATE,PROPERTY TYPE,ADDRESS,CITY,STATE OR PROVINCE,ZIP OR POSTAL CODE,PRICE,BEDS,BATHS,LOCATION,SQUARE FEET,LOT SIZE,YEAR BUILT,DAYS ON MARKET,$/SQUARE FEET,HOA/MONTH,STATUS,NEXT OPEN HOUSE START TIME,NEXT OPEN HOUSE END TIME,URL (SEE https://www.redfin.com/buy-a-home/comparative-market-analysis FOR INFO ON PRICING),SOURCE,MLS#,FAVORITE,INTERESTED,LATITUDE,LONGITUDE
"In accordance with local MLS rules, some MLS listings are not included in the download"
MLS Listing,,Single Family Residential,8301 Bradbury Rd,Henrico,VA,23231,349500,4,2.0,,1920,,1950,5,182,,Active,,,https://www.redfin.com/VA/Henrico/8301-Bradbury-Rd-23231/home/59697065,CVRMLS,2402608,N,Y,37.4364973,-77.2764189
MLS Listing,,Single Family Residential,3211 Maury St,Richmond,VA,23224,150000,2,1.0,Broad Rock Park,768,5797,1953,1,195,,Active,,,https://www.redfin.com/VA/Richmond/3211-Maury-St-23224/home/55434399,CVRMLS,2402318,N,Y,37.5032924,-77.4628529
MLS Listing,,Single Family Residential,1417 Almond Tree Dr,Henrico,VA,23231,235000,3,1.5,Almond Creek Estates,1048,7082,1996,1,224,,Active,February-9-2024 03:00 PM,February-9-2024 05:00 PM,https://www.redfin.com/VA/Henrico/1417-Almond-Tree-Dr-23231/home/59691924,CVRMLS,2402938,N,Y,37.5004732,-77.3909314
MLS Listing,,Condo/Co-op,4330 Saunders Station Loop Unit B,Henrico,VA,23233,441000,3,2.5,Saunders Station At Broad Hill Centre,2509,,2018,1,176,83,Active,,,https://www.redfin.com/VA/Henrico/4330-Saunders-Station-Loop-23233/unit-B/home/160833404,CVRMLS,2402313,N,Y,37.6648763,-77.643381
MLS Listing,,Multi-Family (2-4 Unit),2702 W Main St,Richmond,VA,23220,699950,3,1.5,Skyview Terrace,2454,2474,1917,1,285,,Active,,,https://www.redfin.com/VA/Richmond/2702-W-Main-St-23220/home/55443100,CVRMLS,2401699,N,Y,37.5525424,-77.4745356
MLS Listing,,Single Family Residential,3524 Missouri Ave,Richmond,VA,23222,219900,3,1.5,North Highland Park,1285,6969,1939,1,171,,Active,,,https://www.redfin.com/VA/Richmond/3524-Missouri-Ave-23222/home/55423714,CVRMLS,2402970,N,Y,37.5811472,-77.420156
MLS Listing,,Single Family Residential,2553 Covey Run Dr,Henrico,VA,23233,749950,4,3.5,Covey Run,3193,13503,2007,1,235,38,Active,,,https://www.redfin.com/VA/Henrico/2553-Covey-Run-Dr-23233/home/59606682,CVRMLS,2402941,N,Y,37.6308229,-77.6174992
MLS Listing,,Single Family Residential,1239 Warren Ave,Richmond,VA,23227,649900,4,3.0,Bellevue,2175,8158,1937,1,299,,Active,February-8-2024 05:00 PM,February-8-2024 08:00 PM,https://www.redfin.com/VA/Richmond/1239-Warren-Ave-23227/home/55425691,CVRMLS,2402646,N,Y,37.5944987,-77.4567376
MLS Listing,,Single Family Residential,1412 Bainbridge St,Richmond,VA,23224,309000,3,2.0,Manchester,1541,3876,1918,1,201,,Active,,,https://www.redfin.com/VA/Richmond/1412-Bainbridge-St-23224/home/55428165,CVRMLS,2401744,N,Y,37.5203857,-77.4468524
MLS Listing,,Single Family Residential,4710 W Grace St,Richmond,VA,23230,1315000,5,4.0,Monument Avenue Park,3054,7248,2024,1,431,,Active,,,https://www.redfin.com/VA/Richmond/4710-W-Grace-St-23230/home/55448197,CVRMLS,2402898,N,Y,37.5760767,-77.4946413
MLS Listing,,Multi-Family (2-4 Unit),1300 Porter St,Richmond,VA,23224,549000,8,4.0,Manchester,,5580,1916,1,,,Active,,,https://www.redfin.com/VA/Richmond/1300-Porter-St-23224/home/55428113,CVRMLS,2402984,N,Y,37.5219282,-77.4465228
MLS Listing,,Single Family Residential,7029 Woodside St,Henrico,VA,23231,350000,3,2.0,Sunset Heights,972,32073,1984,1,360,,Active,,,https://www.redfin.com/VA/Henrico/7029-Woodside-St-23231/home/59693979,CVRMLS,2402853,N,Y,37.4729115,-77.3931564
MLS Listing,,Single Family Residential,1409 Brookland Pkwy,Richmond,VA,23227,599000,3,2.5,Sherwood Park,2594,10201,1954,1,231,,Active,,,https://www.redfin.com/VA/Richmond/1409-Brookland-Pkwy-23227/home/55422906,CVRMLS,2402825,N,Y,37.5749999,-77.4563708
MLS Listing,,Single Family Residential,2515 Ford Ave,Richmond,VA,23223,199900,2,1.0,Helens Subdivision,768,7365,1988,1,260,,Active,,,https://www.redfin.com/VA/Richmond/2515-Ford-Ave-23223/home/55410903,CVRMLS,2402546,N,Y,37.5495955,-77.4156665
MLS Listing,,Single Family Residential,1355 Robindale Rd,Chesterfield,VA,23235,345000,3,2.0,Bon Air Terrace,1408,15899,1984,1,245,,Active,February-8-2024 05:00 PM,February-8-2024 07:00 PM,https://www.redfin.com/VA/North-Chesterfield/1355-Robindale-Rd-23235/home/59527241,CVRMLS,2402905,N,Y,37.5129657,-77.5860137
MLS Listing,,Multi-Family (2-4 Unit),2119 Fairfax Ave,Richmond,VA,23224,450000,,,Mason Park,2304,4146,2024,1,195,,Active,,,https://www.redfin.com/VA/Richmond/2119-Fairfax-Ave-23224/home/189646756,CVRMLS,2402500,N,Y,37.5087357,-77.4443191
MLS Listing,,Single Family Residential,5520 Belle Pond Dr,North Chesterfield,VA,23234,290000,3,2.5,Belle Spring Townes,1484,2657,2009,1,195,100,Active,,,https://www.redfin.com/VA/North-Chesterfield/5520-Belle-Pond-Dr-23234/home/59484752,CVRMLS,2401776,N,Y,37.4606813,-77.5030644
MLS Listing,,Single Family Residential,5812 Christopher Ln,Richmond,VA,23226,1200000,4,2.0,Westview,2564,11735,1965,1,468,,Active,February-8-2024 04:00 PM,February-8-2024 05:30 PM,https://www.redfin.com/VA/Richmond/5812-Christopher-Ln-23226/home/55451028,CVRMLS,2401768,N,Y,37.5788375,-77.5165939
MLS Listing,,Townhouse,2534 Liesfeld Pkwy,Glen Allen,VA,23060,450000,2,2.5,West Broad Village,1868,1189,2012,1,241,310,Active,,,https://www.redfin.com/VA/Glen-Allen/2534-Liesfeld-Pkwy-23060/home/59608003,CVRMLS,2402088,N,Y,37.647408,-77.6058168
MLS Listing,,Multi-Family (2-4 Unit),1327 Nottoway Ave,Richmond,VA,23227,425000,4,2.0,Brookdale,1734,5270,1940,1,245,,Active,February-11-2024 11:00 AM,February-11-2024 01:00 PM,https://www.redfin.com/VA/Richmond/1327-Nottoway-Ave-23227/home/55425477,CVRMLS,2402665,N,Y,37.5888418,-77.4555171
MLS Listing,,Single Family Residential,3005 Irisdale Ave,Henrico,VA,23228,325000,3,1.5,West Hermitage Park,1136,9657,1962,1,286,,Active,February-8-2024 03:30 PM,February-8-2024 05:30 PM,https://www.redfin.com/VA/Henrico/3005-Irisdale-Ave-23228/home/59661742,CVRMLS,2402895,N,Y,37.606253,-77.4864652
MLS Listing,,Single Family Residential,4303 Terminal Ave,Richmond,VA,23224,275000,3,2.0,,1498,9147,2002,1,184,,Active,,,https://www.redfin.com/VA/Richmond/4303-Terminal-Ave-23224/home/55452879,CVRMLS,2402910,N,Y,37.4848181,-77.475194
MLS Listing,,Single Family Residential,8500 Windingrun Ln,Chesterfield,VA,23237,255000,3,1.0,Huntingcreek Hills,1056,,1978,1,241,,Active,,,https://www.redfin.com/VA/North-Chesterfield/8500-Windingrun-Ln-23237/home/59553992,CVRMLS,2402838,N,Y,37.3997182,-77.486744
MLS Listing,,Townhouse,7507 Broach Dr,Richmond,VA,23225,299000,2,2.0,SOUTHAMPTON HILLS,1101,1417,1985,1,272,240,Pre On-Market,,,https://www.redfin.com/VA/Richmond/7507-Broach-Dr-23225/home/55397648,BRIGHT MLS,VARC2000450,N,Y,37.5416007,-77.5323197
MLS Listing,,Multi-Family (2-4 Unit),4505 Augusta Ave,Richmond,VA,23230,599950,4,2.0,Monument Avenue Park,2270,,1942,1,264,,Active,,,https://www.redfin.com/VA/Richmond/4505-Augusta-Ave-23230/home/55447700,CVRMLS,2402701,N,Y,37.5750902,-77.4900262
MLS Listing,,Single Family Residential,12323 California Dr,Henrico,VA,23233,370000,3,2.0,Olde Gayton North,1345,,1984,1,275,,Active,,,https://www.redfin.com/VA/Henrico/12323-California-Dr-23233/home/59639281,CVRMLS,2402820,N,Y,37.6293644,-77.6398532
MLS Listing,,Single Family Residential,6908 Bethlehem,Henrico,VA,23228,431000,3,2.5,Greendale Forest,1939,,2024,1,222,,Active,,,https://www.redfin.com/VA/Henrico/6908-Bethlehem-23228/home/189636211,CVRMLS,2402865,N,Y,37.610257,-77.512956
MLS Listing,,Townhouse,4336 Dominion Forest Cir,Glen Allen,VA,23060,546575,4,4.0,Innsbrook Dominion Residences,2115,,2024,1,258,210,Active,,,https://www.redfin.com/VA/Glen-Allen/4336-Dominion-Forest-Cir-23060/home/185536800,CVRMLS,2402834,N,Y,37.6528885,-77.5851163
MLS Listing,,Townhouse,7873 Old Guild Rd,Chesterfield,VA,23237,329000,3,2.5,Silverleaf,1634,3850,2021,2,201,170,Active,,,https://www.redfin.com/VA/North-Chesterfield/7873-Old-Guild-Rd-23237/home/172002911,CVRMLS,2401278,N,Y,37.4128913,-77.4562942
MLS Listing,,Single Family Residential,4016 Augusta Ave,Richmond,VA,23230,410000,3,1.5,Thomas Jefferson Terrace,1295,5244,1946,2,317,,Active,,,https://www.redfin.com/VA/Richmond/4016-Augusta-Ave-23230/home/55447300,CVRMLS,2400999,N,Y,37.5719289,-77.4838325
MLS Listing,,Townhouse,1810 Buttonwood Dr,Henrico,VA,23238,315000,2,2.5,Gayton Forest Townhouses,1458,2879,1985,2,216,367,Active,,,https://www.redfin.com/VA/Henrico/1810-Buttonwood-Dr-23238/home/59651178,CVRMLS,2401371,N,Y,37.6122373,-77.6018933
MLS Listing,,Single Family Residential,11821 Wexwood Dr,Midlothian,VA,23236,699000,5,3.0,Stonehenge,4738,29751,1974,2,148,,Active,,,https://www.redfin.com/VA/North-Chesterfield/11821-Wexwood-Dr-23236/home/59514146,CVRMLS,2400554,N,Y,37.4953947,-77.6189986
MLS Listing,,Townhouse,7813 Fitzgerald Ct,Henrico,VA,23228,268000,2,1.5,Summer Hill,980,2687,1986,2,273,190,Active,,,https://www.redfin.com/VA/Henrico/7813-Fitzgerald-Ct-23228/home/59635708,CVRMLS,2402777,N,Y,37.6377632,-77.5325993
MLS Listing,,Single Family Residential,1807 N 25th St,Richmond,VA,23223,225000,2,1.0,Peter Paul Tract,748,6438,1941,3,301,,Active,,,https://www.redfin.com/VA/Richmond/1807-N-25th-St-23223/home/55413200,CVRMLS,2402792,N,Y,37.5449952,-77.4057908
MLS Listing,,Single Family Residential,9310 Broad Meadows Rd,Glen Allen,VA,23060,449950,5,3.0,Broad Meadows,2238,8341,1979,3,201,,Active,,,https://www.redfin.com/VA/Glen-Allen/9310-Broad-Meadows-Rd-23060/home/59619578,CVRMLS,2402441,N,Y,37.653919,-77.5515751
MLS Listing,,Single Family Residential,230 N Juniper Ave,Henrico,VA,23075,299950,3,1.5,Highland Springs,1610,6272,1955,3,186,,Active,,,https://www.redfin.com/VA/Henrico/230-N-Juniper-Ave-23075/home/59683369,CVRMLS,2402773,N,Y,37.5492425,-77.3197954
MLS Listing,,Single Family Residential,1500 Minefee St,Richmond,VA,23224,239900,4,1.0,Southside Gardens,1108,7100,1950,3,217,,Active,,,https://www.redfin.com/VA/Richmond/1500-Minefee-St-23224/home/55435190,CVRMLS,2402695,N,Y,37.4997691,-77.4368274
MLS Listing,,Single Family Residential,1414 N 21st St,Richmond,VA,23223,415000,3,2.5,Fairmount Park,1816,2905,2024,3,229,,Active,,,https://www.redfin.com/VA/Richmond/1414-N-21st-St-23223/home/55411117,CVRMLS,2402299,N,Y,37.544065,-77.413092
MLS Listing,,Single Family Residential,305 W 27th St,Richmond,VA,23225,525000,4,2.5,Woodland Heights,2008,3907,2024,3,261,,Active,February-11-2024 11:00 AM,February-11-2024 01:00 PM,https://www.redfin.com/VA/Richmond/305-W-27th-St-23225/home/189623761,CVRMLS,2402687,N,Y,37.517488,-77.459835
MLS Listing,,Single Family Residential,4518 Woodson Hills Way,Glen Allen,VA,23059,995870,6,4.0,Woodson Hills At Bacova,3940,7405,2024,4,253,208,Active,,,https://www.redfin.com/VA/Short-Pump/4518-Woodson-Hills-Ct-23059/home/189619043,CVRMLS,2402730,N,Y,37.666341,-77.618247
MLS Listing,,Condo/Co-op,9377 Manowar Ct #905,Glen Allen,VA,23060,218950,2,2.0,Laurel Lakes Condo,956,979660,1988,4,229,220,Active,,,https://www.redfin.com/VA/Glen-Allen/9377-Manowar-Ct-23060/unit-905/home/59629164,CVRMLS,2402407,N,Y,37.6475238,-77.5117375
MLS Listing,,Single Family Residential,3535 Meadow Rd,Henrico,VA,23150,2200000,5,4.5,,7347,1415700,2005,4,299,,Active,,,https://www.redfin.com/VA/Sandston/3535-Meadow-Rd-23150/home/59689858,CVRMLS,2402749,N,Y,37.5210693,-77.2405826
MLS Listing,,Vacant Land,7701 Upton Rd,Chesterfield,VA,23237,100000,,,Reedy Branch,,93654,,4,,,Active,,,https://www.redfin.com/VA/Richmond/7701-Upton-Rd-23237/home/59479527,CVRMLS,2401537,N,Y,37.41442,-77.474174
MLS Listing,,Single Family Residential,3127 Kensington Ave,Richmond,VA,23221,1375000,3,3.0,Kensington Row,3289,2478,2023,4,418,94,Active,,,https://www.redfin.com/VA/Richmond/3127-Kensington-Ave-23221/home/189616377,CVRMLS,2402666,N,Y,37.5599334,-77.4775123
MLS Listing,,Single Family Residential,3223 3rd Ave,Richmond,VA,23222,274999,4,2.0,Highland Park,1850,5445,1910,4,149,,Active,February-10-2024 01:00 PM,February-10-2024 03:00 PM,https://www.redfin.com/VA/Richmond/3223-3rd-Ave-23222/home/55421876,CVRMLS,2402716,N,Y,37.5729505,-77.4141241
MLS Listing,,Single Family Residential,2124 Fairmount Ave,Richmond,VA,23223,275000,4,1.5,Fairmount Park,1316,2761,1925,4,209,,Active,,,https://www.redfin.com/VA/Richmond/2124-Fairmount-Ave-23223/home/55410758,CVRMLS,2401075,N,Y,37.54221,-77.4132284
MLS Listing,,Single Family Residential,5801 Lee Ave,Henrico,VA,23226,639950,4,2.0,Westwood Home Sites,2162,14610,1954,4,296,,Active,,,https://www.redfin.com/VA/Richmond/5801-Lee-Ave-23226/home/59668511,CVRMLS,2402622,N,Y,37.5863208,-77.5080374
MLS Listing,,Single Family Residential,110 W Leigh St,Richmond,VA,23220,495000,4,1.5,,2959,2800,1900,4,167,,Active,,,https://www.redfin.com/VA/Richmond/110-W-Leigh-St-23220/home/55416593,CVRMLS,2402671,N,Y,37.5497164,-77.4408064
MLS Listing,,Single Family Residential,6312 Allerton St,North Chesterfield,VA,23234,365000,3,2.0,Falling Creek Hills,1286,14157,1961,4,284,,Active,,,https://www.redfin.com/VA/North-Chesterfield/6312-Allerton-St-23234/home/59567417,CVRMLS,2401926,N,Y,37.4384247,-77.4486166
MLS Listing,,Vacant Land,11808 Barrington Hill Ct,Henrico,VA,23233,268950,,,Barrington,,,,4,,25,Active,,,https://www.redfin.com/VA/Henrico/11808-Barrington-Hill-Ct-23233/home/59610660,CVRMLS,2402670,N,Y,37.645139,-77.60415
MLS Listing,,Single Family Residential,400 Byswick Ln,Richmond,VA,23225,350000,3,2.0,Forest View Heights,1109,15407,1955,4,316,,Active,,,https://www.redfin.com/VA/Richmond/400-Byswick-Ln-23225/home/55400064,CVRMLS,2401640,N,Y,37.5109094,-77.4966575
MLS Listing,,Single Family Residential,2810 Irisdale Ave,Henrico,VA,23228,389000,4,2.0,Hermitage Park,1308,7840,1947,4,297,,Active,February-10-2024 01:00 PM,February-10-2024 03:00 PM,https://www.redfin.com/VA/Henrico/2810-Irisdale-Ave-23228/home/59656062,CVRMLS,2402656,N,Y,37.607054,-77.4824983
MLS Listing,,Single Family Residential,11524 Sethwarner Dr,Glen Allen,VA,23059,875000,4,2.5,Hunton Estates,3886,22594,2004,4,225,21,Active,,,https://www.redfin.com/VA/Glen-Allen/11524-Sethwarner-Dr-23059/home/59593611,CVRMLS,2402210,N,Y,37.6829436,-77.5099638
MLS Listing,,Single Family Residential,3703 Maryland Ave,Richmond,VA,22222,415000,4,2.5,Walnut Hill,2048,,2007,4,203,,Active,,,https://www.redfin.com/VA/Richmond/3703-Maryland-Ave-23222/home/55392040,CVRMLS,2402653,N,Y,37.5805196,-77.4154165
MLS Listing,,Condo/Co-op,1735 Providence Villas Ct,North Chesterfield,VA,23236,419000,3,2.0,The Villas At Providence,1876,,2019,5,223,250,Active,,,https://www.redfin.com/VA/North-Chesterfield/1735-Providence-Villas-Ct-23236/home/172000484,CVRMLS,2402235,N,Y,37.4773053,-77.5709814
MLS Listing,,Single Family Residential,5307 Bryce Ln,Richmond,VA,23224,279500,3,1.0,Piney Knolls,1140,15681,1955,5,245,,Active,,,https://www.redfin.com/VA/Richmond/5307-Bryce-Ln-23224/home/55403736,CVRMLS,2402564,N,Y,37.4841653,-77.4882021
MLS Listing,,Single Family Residential,1102 N 22nd St,Richmond,VA,23223,550000,4,3.5,Fairmount Park,2960,3802,1910,5,186,,Active,,,https://www.redfin.com/VA/Richmond/1102-N-22nd-St-23223/home/55409507,CVRMLS,2402641,N,Y,37.5405886,-77.4149939
MLS Listing,,Single Family Residential,3018 4th Ave,Richmond,VA,23222,256000,4,1.5,Highland Park Addition,1440,3598,1925,5,178,,Active,,,https://www.redfin.com/VA/Richmond/3018-4th-Ave-23222/home/55420459,CVRMLS,2402638,N,Y,37.5694775,-77.4150641
MLS Listing,,Single Family Residential,4304 1/2 Augusta Ave,Richmond,VA,23230,1124950,4,3.5,Monument Avenue Gardens,3102,4369,2024,5,363,,Active,,,https://www.redfin.com/VA/Richmond/4304-1-2-Augusta-Ave-23230/home/188784724,CVRMLS,2401998,N,Y,37.574377,-77.487813
MLS Listing,,Condo/Co-op,5313 Old Main St Unit B,Henrico,VA,23231,544950,3,2.5,Village Of Rocketts Landing,2509,,2018,5,217,308,Active,,,https://www.redfin.com/VA/Henrico/5313-Old-Main-St-23231/unit-B/home/171370812,CVRMLS,2402629,N,Y,37.511341,-77.415308
MLS Listing,,Single Family Residential,6422 Three Chopt Rd,Richmond,VA,23226,1100000,4,3.5,Westhampton,4187,24977,1966,5,263,,Active,,,https://www.redfin.com/VA/Richmond/6422-Three-Chopt-Rd-23226/home/55451247,CVRMLS,2400103,N,Y,37.5814279,-77.5285541
MLS Listing,,Multi-Family (2-4 Unit),900 Porter St,Richmond,VA,23224,685000,5,4.5,Manchester Gardens,2764,2683,2024,5,248,,Active,,,https://www.redfin.com/VA/Richmond/900-Porter-St-23224/home/189602163,CVRMLS,2402340,N,Y,37.5240392,-77.4433487
MLS Listing,,Single Family Residential,2917 Hull St,Richmond,VA,23224,315000,5,2.5,Burfoot Addition,1828,3959,1925,5,172,,Active,,,https://www.redfin.com/VA/Richmond/2917-Hull-St-23224/home/55430669,CVRMLS,2402591,N,Y,37.5102631,-77.4612898
MLS Listing,,Single Family Residential,413 N Cleveland St,Richmond,VA,23221,1375000,3,3.0,Kensington Row,3180,2596,2024,5,432,94,Active,,,https://www.redfin.com/VA/Richmond/413-Cleveland-St-23221/home/189464877,CVRMLS,2401526,N,Y,37.5591196,-77.4780733
MLS Listing,,Single Family Residential,1700 Southampton Ave,Richmond,VA,23220,450000,3,2.0,Riverview,1260,4800,1951,5,357,,Active,,,https://www.redfin.com/VA/Richmond/1700-Southampton-Ave-23220/home/55439200,CVRMLS,2402449,N,Y,37.5339034,-77.4683091
MLS Listing,,Single Family Residential,6021 Rivermere,Glen Allen,VA,23059,899950,5,4.5,River Mill,4530,9104,2023,5,199,87,Active,,,https://www.redfin.com/VA/Glen-Allen/6021-Rivermere-Ln-23059/home/175020962,CVRMLS,2402614,N,Y,37.68281,-77.467463
MLS Listing,,Single Family Residential,5219 Forest Hill Ave,Richmond,VA,23225,375000,4,2.0,Westover Hills,1358,7100,1945,5,276,,Active,,,https://www.redfin.com/VA/Richmond/5219-Forest-Hill-Ave-23225/home/55433669,CVRMLS,2402592,N,Y,37.5246674,-77.4945517
MLS Listing,,Condo/Co-op,301 Virginia St Unit U1012,Richmond,VA,23219,319950,1,1.0,Vistas On The James,846,784,2006,5,378,481,Active,,,https://www.redfin.com/VA/Richmond/301-Virginia-St-23219/unit-U1012/home/55390606,CVRMLS,2402099,N,Y,37.5327785,-77.4336191
MLS Listing,,Single Family Residential,317 Seven Pines Ave,Sandston,VA,23150,275000,4,2.0,Woodlawn Terrace,1302,7091,1944,5,211,,Active,,,https://www.redfin.com/VA/Sandston/317-Seven-Pines-Ave-23150/home/59689127,CVRMLS,2402580,N,Y,37.52352,-77.3017258
MLS Listing,,Townhouse,1817 Millrun Pl,Henrico,VA,23238,349900,3,2.0,Ivystone Village At Raintree,1497,3341,1976,5,234,209,Active,,,https://www.redfin.com/VA/Henrico/1817-Millrun-Pl-23238/home/59650163,CVRMLS,2402578,N,Y,37.6130643,-77.5974238
MLS Listing,,Single Family Residential,816 Pepper Ave,Richmond,VA,23226,1349950,5,4.0,Westhampton Heights Annex,2959,7544,2024,5,456,,Active,February-11-2024 02:00 PM,February-11-2024 04:00 PM,https://www.redfin.com/VA/Richmond/816-Pepper-Ave-23226/home/55451082,CVRMLS,2402010,N,Y,37.5826157,-77.522738
MLS Listing,,Single Family Residential,9920 Jean Dr,Chesterfield,VA,23237,215000,3,1.5,Bermuda Industrial Park,1216,18382,1944,5,177,,Active,,,https://www.redfin.com/VA/North-Chesterfield/9920-Jean-Dr-23237/home/59578610,CVRMLS,2402575,N,Y,37.3930829,-77.4183567
MLS Listing,,Single Family Residential,2829 Weymouth Dr,Richmond,VA,23235,528950,4,3.0,Wayland,2487,35248,1957,5,213,,Active,,,https://www.redfin.com/VA/Richmond/2829-Weymouth-Dr-23235/home/55394402,CVRMLS,2400749,N,Y,37.5353696,-77.5759492
MLS Listing,,Condo/Co-op,5234 Old Main St Unit C,Henrico,VA,23231,539900,2,2.5,Village Of Rocketts Landing,1974,78268,2021,5,274,329,Active,,,https://www.redfin.com/VA/Henrico/5234-Old-Main-St-23231/unit-C/home/179059989,CVRMLS,2402429,N,Y,37.5124438,-77.4157338
MLS Listing,,Single Family Residential,4117 Darbytown Rd,Henrico,VA,23231,375000,3,2.0,Acreage,1725,86248,1938,5,217,,Active,,,https://www.redfin.com/VA/Henrico/4117-Darbytown-Rd-23231/home/59695815,CVRMLS,2402310,N,Y,37.450983,-77.3006038
MLS Listing,,Single Family Residential,1317 Pennsylvania Ave,Henrico,VA,23060,399900,3,1.5,Biltmore,1386,13551,1937,6,289,,Active,,,https://www.redfin.com/VA/Glen-Allen/1317-Pennsylvania-Ave-23060/home/59630119,CVRMLS,2402460,N,Y,37.6495661,-77.4635867
MLS Listing,,Single Family Residential,7906 Dalmain Dr,Henrico,VA,23228,279000,3,1.5,Woodland Hills,1239,26214,1949,6,225,,Active,,,https://www.redfin.com/VA/Henrico/7906-Dalmain-Dr-23228/home/59645316,CVRMLS,2401785,N,Y,37.6241992,-77.4858142
MLS Listing,,Single Family Residential,1831 S Twilight Ln,North Chesterfield,VA,23235,414950,4,2.5,Twilight Bluff,1680,12183,2019,6,247,,Active,,,https://www.redfin.com/VA/North-Chesterfield/1831-S-Twilight-Ln-23235/home/169752868,CVRMLS,2402422,N,Y,37.4718568,-77.5512168
MLS Listing,,Single Family Residential,1005 Hill Top Dr,Richmond,VA,23225,273500,3,1.0,Holmes Heights,864,8668,1950,6,317,,Active,,,https://www.redfin.com/VA/Richmond/1005-Hill-Top-Dr-23225/home/55433836,CVRMLS,2402207,N,Y,37.5190239,-77.4931627
MLS Listing,,Townhouse,11806 Rochampton Sq,Henrico,VA,23238,346000,3,2.5,Sussex Square,1868,871,1980,6,185,450,Active,,,https://www.redfin.com/VA/Henrico/11806-Rochampton-Sq-23238/home/59648214,CVRMLS,2402245,N,Y,37.6139561,-77.6293265
MLS Listing,,Single Family Residential,1 N Auburn Ave,Richmond,VA,23221,749900,3,3.5,,2229,2173,1914,6,336,,Active,,,https://www.redfin.com/VA/Richmond/1-N-Auburn-Ave-23221/home/55444308,CVRMLS,2401140,N,Y,37.5553452,-77.4814437
MLS Listing,,Single Family Residential,501 Maple Ave,Richmond,VA,23226,1552500,4,4.0,,3160,5484,2021,6,491,,Active,,,https://www.redfin.com/VA/Richmond/501-Maple-Ave-23226/home/55451330,CVRMLS,2402072,N,Y,37.5756629,-77.518901
MLS Listing,,Single Family Residential,3132 Johns Way,Chesterfield,VA,23224,469900,4,2.5,Governor's Retreat,2197,13743,2024,6,214,18,Active,,,https://www.redfin.com/VA/Richmond/3132-Johns-Way-23224/home/178646493,CVRMLS,2402495,N,Y,37.4677281,-77.5022311
MLS Listing,,Single Family Residential,3117 Johns Way,Chesterfield,VA,23224,474900,4,2.5,Governor's Retreat,2197,13046,2024,6,216,18,Active,,,https://www.redfin.com/VA/Richmond/3117-Johns-Way-23224/home/178781511,CVRMLS,2402492,N,Y,37.4679931,-77.5024783
MLS Listing,,Single Family Residential,3124 Johns Way,Chesterfield,VA,23224,469900,4,2.5,Governor's Retreat,2197,13743,2024,6,214,18,Active,,,https://www.redfin.com/VA/Richmond/3124-Johns-Way-23224/home/185880420,CVRMLS,2402488,N,Y,37.467201,-77.503051
MLS Listing,,Single Family Residential,9507 Broad Meadows Rd,Glen Allen,VA,23060,490000,4,2.5,Broad Meadows,2452,13054,1981,6,200,,Active,,,https://www.redfin.com/VA/Glen-Allen/9507-Broad-Meadows-Rd-23060/home/59620929,CVRMLS,2402457,N,Y,37.6566261,-77.5596805
MLS Listing,,Condo/Co-op,1101 Haxall Pt Unit U304,Richmond,VA,23219,359000,2,2.0,Riverside On The James,1037,1036,2005,6,346,498,Active,,,https://www.redfin.com/VA/Richmond/1101-Haxall-Point-23219/unit-U304/home/55389335,CVRMLS,2402379,N,Y,37.533405,-77.43801
MLS Listing,,Single Family Residential,3111 3rd Ave,Richmond,VA,23222,430000,4,4.5,Highland Park,2278,6534,1900,6,189,,Active,,,https://www.redfin.com/VA/Richmond/3111-3rd-Ave-23222/home/55420931,CVRMLS,2402412,N,Y,37.5712597,-77.4153843
MLS Listing,,Single Family Residential,1203 Ware Rd,Henrico,VA,23229,455000,4,2.0,Forest Heights,1470,12606,1952,6,310,,Active,,,https://www.redfin.com/VA/Henrico/1203-Ware-Rd-23229/home/59666469,CVRMLS,2329571,N,Y,37.5950028,-77.5447668
MLS Listing,,Single Family Residential,3108 Johns Way,Chesterfield,VA,23224,451000,4,2.5,Governor's Retreat,2094,10319,2024,6,215,18,Active,,,https://www.redfin.com/VA/Richmond/3108-Johns-Way-23224/home/178654711,CVRMLS,2402476,N,Y,37.468439,-77.502592
MLS Listing,,Single Family Residential,7436 Settlers Ridge Ct,Henrico,VA,23231,334950,2,2.0,Settlers Ridge,1552,7954,2006,6,216,306,Active,,,https://www.redfin.com/VA/Henrico/7436-Settlers-Ridge-Ct-23231/home/59604590,CVRMLS,2401908,N,Y,37.4605529,-77.3866088
MLS Listing,,Single Family Residential,2900 Lynhaven Ave,Richmond,VA,23234,245000,4,1.5,,1080,7270,1949,6,227,,Active,,,https://www.redfin.com/VA/Richmond/2900-Lynhaven-Ave-23234/home/55435893,CVRMLS,2402453,N,Y,37.484864,-77.4409864
MLS Listing,,Single Family Residential,3112 Johns Way,Chesterfield,VA,23224,447000,4,2.5,Governor's Retreat,2094,10123,2023,6,213,18,Active,,,https://www.redfin.com/VA/Richmond/3112-Johns-Way-23224/home/178646212,CVRMLS,2402466,N,Y,37.46822,-77.502527
MLS Listing,,Condo/Co-op,209 N 19th St Unit U12,Richmond,VA,23223,239900,1,1.0,Shockoe Valley Lofts,735,,1908,6,326,231,Active,,,https://www.redfin.com/VA/Richmond/209-N-19th-St-23223/unit-U12/home/55388614,CVRMLS,2402395,N,Y,37.5344259,-77.4243644
MLS Listing,,Single Family Residential,3133 Johns Way,Chesterfield,VA,23224,448000,3,2.5,Governor's Retreat,2024,17959,2024,6,221,18,Active,,,https://www.redfin.com/VA/North-Chesterfield/3133-Johns-Way-23224/home/185866343,CVRMLS,2402427,N,Y,37.467201,-77.503051
MLS Listing,,Single Family Residential,224 Taylor Rd,Sandston,VA,23150,384625,4,2.5,,1719,10733,2024,6,224,,Active,,,https://www.redfin.com/VA/Sandston/224-Taylor-Rd-23150/home/59685853,CVRMLS,2402448,N,Y,37.532011,-77.2886709
MLS Listing,,Single Family Residential,6105 Elm St,Richmond,VA,23223,257900,2,0.5,Beechwood Park,1050,8084,1980,6,246,,Active,,,https://www.redfin.com/VA/Richmond/6105-Elm-St-23223/home/59679724,CVRMLS,2402433,N,Y,37.5535571,-77.3382977
MLS Listing,,Single Family Residential,3116 Johns Way,Chesterfield,VA,23224,457900,3,2.5,Governor's Retreat,1920,10815,2024,7,238,18,Active,,,https://www.redfin.com/VA/Chesterfield/3116-Johns-WAY-23224/home/185865787,CVRMLS,2402423,N,Y,37.46798,-77.502491
MLS Listing,,Single Family Residential,3125 Johns Way,Chesterfield,VA,23224,457900,3,2.5,Governor's Retreat,1920,13176,2024,7,238,18,Active,,,https://www.redfin.com/VA/Richmond/3125-Johns-Way-23224/home/178646070,CVRMLS,2402421,N,Y,37.467201,-77.503051
MLS Listing,,Townhouse,1832 Idlewood Ave,Richmond,VA,23220,399999,3,1.5,Maple Rose Garden,1280,1633,1924,7,312,,Active,,,https://www.redfin.com/VA/Richmond/1832-Idlewood-Ave-23220/home/55439555,CVRMLS,2402410,N,Y,37.5453604,-77.4661039
MLS Listing,,Single Family Residential,1406 Stansbury Ave,Richmond,VA,23225,275000,3,1.0,Derwent,864,13503,1956,7,318,,Active,,,https://www.redfin.com/VA/Richmond/1406-Stansbury-Ave-23225/home/55402951,CVRMLS,2402405,N,Y,37.4887758,-77.5048565
MLS Listing,,Vacant Land,4610.5 Riverside Dr,Richmond,VA,23225,425000,,,South Bank Ridge,,16639,,7,,,Active,,,https://www.redfin.com/VA/Richmond/4610-5-Riverside-Dr-23225/home/189570803,CVRMLS,2402301,N,Y,37.5258,-77.4805
MLS Listing,,Single Family Residential,3120 Johns Way,Chesterfield,VA,23224,454900,4,2.5,Governor's Retreat,2046,14448,2023,7,222,18,Active,,,https://www.redfin.com/VA/Richmond/3120-Johns-Way-23224/home/185881065,CVRMLS,2402387,N,Y,37.467201,-77.503051
MLS Listing,,Single Family Residential,3109 Johns Way,Chesterfield,VA,23224,457900,3,2.5,Governor's Retreat,1920,13743,2024,7,238,18,Active,,,https://www.redfin.com/VA/Richmond/3109-Johns-Way-23224/home/178654738,CVRMLS,2402376,N,Y,37.468403,-77.502112
MLS Listing,,Vacant Land,"1410, 1412 Stiff St",Richmond,VA,23231,80000,,,Harrison Place,,12196,,7,,,Active,,,https://www.redfin.com/VA/Richmond/1412-Stiff-St-23231/home/55415200,CVRMLS,2402110,N,Y,37.508505,-77.398286
MLS Listing,,Single Family Residential,4800 Cary Street Rd,Richmond,VA,23226,1599000,4,2.5,Elderslie Place,3192,16265,1938,7,501,,Active,,,https://www.redfin.com/VA/Richmond/4800-Cary-Street-Rd-23226/home/55449025,CVRMLS,2402192,N,Y,37.5646748,-77.5060214
MLS Listing,,Single Family Residential,9901 Trebeck Rd,North Chesterfield,VA,23236,430000,5,3.0,Mayfair Estates,3150,38376,1976,7,137,,Active,,,https://www.redfin.com/VA/North-Chesterfield/9901-Trebeck-Rd-23236/home/59529597,CVRMLS,2401865,N,Y,37.4351577,-77.5762927
MLS Listing,,Single Family Residential,4024 Three Foxes Dr,Henrico,VA,23238,425000,5,4.0,VARINA CHASE,3314,,1988,7,128,,Active,,,https://www.redfin.com/VA/Henrico/4024-Three-Foxes-Dr-23231/home/59696426,BRIGHT MLS,VAHN2000424,N,Y,37.449208,-77.301636
MLS Listing,,Condo/Co-op,9009 Telegraph Rd Unit A,Glen Allen,VA,23060,347490,2,2.5,Retreat at One,1570,,2024,7,221,185,Active,,,https://www.redfin.com/VA/Glen-Allen/9009-Telegraph-Rd-23060/unit-A/home/189560030,CVRMLS,2402331,N,Y,37.6472564,-77.456877
MLS Listing,,Condo/Co-op,9013 Telegraph Rd Unit A,Glen Allen,VA,23060,364140,3,2.5,Retreat at One,1570,,2024,7,232,185,Active,,,https://www.redfin.com/VA/Glen-Allen/9013-Telegraph-Rd-23060/unit-A/home/189506666,CVRMLS,2402328,N,Y,37.6473459,-77.4567288
MLS Listing,,Single Family Residential,2100 Kelly Ridge Rd,Henrico,VA,23233,549995,4,2.5,Bennington Ridge,2416,12580,1987,7,228,,Active,,,https://www.redfin.com/VA/Henrico/2100-Kelly-Ridge-Rd-23233/home/59639981,CVRMLS,2401159,N,Y,37.6230673,-77.6306794
MLS Listing,,Condo/Co-op,9007 Telegraph Rd Unit B,Glen Allen,VA,23060,394490,3,2.5,Retreat at One,2345,,2024,7,168,185,Active,,,https://www.redfin.com/VA/Glen-Allen/9007-Telegraph-Rd-23060/unit-B/home/189558870,CVRMLS,2402307,N,Y,37.6471639,-77.4567782
MLS Listing,,Condo/Co-op,9009 Telegraph Rd Unit B,Glen Allen,VA,23060,399730,3,2.5,Retreat at One,2345,,2024,7,170,185,Active,,,https://www.redfin.com/VA/Glen-Allen/9009-Telegraph-Rd-23060/unit-B/home/189506722,CVRMLS,2402305,N,Y,37.6472564,-77.456877
MLS Listing,,Single Family Residential,954 Pleasant St,Henrico,VA,23223,245000,3,1.0,Wynfield,960,8960,1991,7,255,,Active,February-11-2024 12:00 PM,February-11-2024 02:00 PM,https://www.redfin.com/VA/Richmond/954-Pleasant-St-23223/home/59682133,CVRMLS,2402135,N,Y,37.5448662,-77.3526092
MLS Listing,,Condo/Co-op,2673 St Elias Dr Unit A,Henrico,VA,23294,350000,2,2.5,West Broad Landing,1523,272642,2020,8,230,195,Active,,,https://www.redfin.com/VA/Henrico/2673-St-Elias-Dr-23294/unit-A/home/170120388,CVRMLS,2401212,N,Y,37.6142755,-77.5243031
MLS Listing,,Multi-Family (2-4 Unit),2711 W Grace St,Richmond,VA,23220,825000,5,4.0,,2716,3153,1910,8,304,,Active,,,https://www.redfin.com/VA/Richmond/2711-W-Grace-St-23220/home/55442876,CVRMLS,2400682,N,Y,37.5605087,-77.4695507
MLS Listing,,Single Family Residential,4511 Deertrail Dr,Ampthill,VA,23234,414950,5,2.5,Beechwood,2806,22651,1966,8,148,,Active,,,https://www.redfin.com/VA/North-Chesterfield/4511-Deertrail-Dr-23234/home/59557468,CVRMLS,2400627,N,Y,37.4476942,-77.4790593
MLS Listing,,Single Family Residential,7124 Village Field Pl,Henrico,VA,23231,467500,5,2.5,Village At Osborne,3291,7553,2006,8,142,58,Active,,,https://www.redfin.com/VA/Henrico/7124-Village-Field-Pl-23231/home/59605009,CVRMLS,2400967,N,Y,37.4701283,-77.3977753
MLS Listing,,Condo/Co-op,2625 Trellis Green Cir,Henrico,VA,23233,559000,3,2.5,Church Road Commons Condos Ph 4,2706,5924,2008,8,207,350,Active,,,https://www.redfin.com/VA/Henrico/2625-Trellis-Green-Cir-23233/home/59608251,CVRMLS,2402211,N,Y,37.6329578,-77.6227581
MLS Listing,,Single Family Residential,2109 Ford Ave,Richmond,VA,23223,169000,3,1.5,Mosby,1304,,1900,8,130,,Active,,,https://www.redfin.com/VA/Richmond/2109-Ford-Ave-23223/home/55410874,CVRMLS,2402014,N,Y,37.5493198,-77.4203294
MLS Listing,,Single Family Residential,3029 Gaffney Rd,Richmond,VA,23237,239850,3,1.0,Quail Oaks,1007,11238,1967,8,238,,Active,,,https://www.redfin.com/VA/North-Chesterfield/3029-Gaffney-Rd-23237/home/59570891,CVRMLS,2401757,N,Y,37.3884715,-77.438486
MLS Listing,,Single Family Residential,5242 Cynthia Ct,Henrico,VA,23231,465000,3,2.0,Henrico Heights,1942,,2018,8,239,,Active,,,https://www.redfin.com/VA/Henrico/5242-Cynthia-Ct-23231/home/59609106,CVRMLS,2402190,N,Y,37.4449857,-77.2572408
MLS Listing,,Condo/Co-op,6161 River Rd #13,Richmond,VA,23226,399000,3,2.5,,1696,,1959,9,235,1269,Active,,,https://www.redfin.com/VA/Richmond/6161-River-Rd-23226/unit-13/home/59878472,CVRMLS,2401771,N,Y,37.567295,-77.533942
MLS Listing,,Single Family Residential,2125 Wynnewood Dr,Richmond,VA,23235,350000,3,2.0,Forestdale,1962,14549,1968,9,178,,Active,,,https://www.redfin.com/VA/North-Chesterfield/2125-Wynnewood-Dr-23235/home/59545014,CVRMLS,2402205,N,Y,37.4748519,-77.5277479
MLS Listing,,Single Family Residential,2972 Brentwood Cir,Ampthill,VA,23237,299500,3,2.0,Sherbourne Heights,1512,10105,1945,9,198,,Active,,,https://www.redfin.com/VA/North-Chesterfield/2972-Brentwood-Cir-23237/home/59567433,CVRMLS,2402174,N,Y,37.4341194,-77.4482496
MLS Listing,,Single Family Residential,3804 Plymouth Dr,Henrico,VA,23222,275000,4,2.0,Chatham Place,1269,3754,1946,10,217,,Active,,,https://www.redfin.com/VA/Richmond/3804-Plymouth-Dr-23222/home/59669369,CVRMLS,2400613,N,Y,37.5841721,-77.436917
MLS Listing,,Single Family Residential,1920 Carneal St,Henrico,VA,23223,285000,3,1.0,Central Gardens,1326,,1957,10,215,,Active,,,https://www.redfin.com/VA/Richmond/1920-Carneal-St-23223/home/59678195,CVRMLS,2401104,N,Y,37.5547927,-77.4038291
MLS Listing,,Single Family Residential,5201 Ashton Woods Dr,Chesterfield,VA,23237,312000,4,2.0,Ashton Woods North,1524,13329,1987,10,205,29,Active,,,https://www.redfin.com/VA/North-Chesterfield/5201-Ashton-Woods-Dr-23237/home/59556560,CVRMLS,2400638,N,Y,37.3972147,-77.4797648
MLS Listing,,Single Family Residential,1912 Greenwood Ave,Richmond,VA,23222,525000,4,3.0,Barton Heights,1892,3001,2023,10,277,,Active,,,https://www.redfin.com/VA/Richmond/1912-Greenwood-Ave-23222/home/55417405,CVRMLS,2402140,N,Y,37.5606481,-77.4366322
MLS Listing,,Single Family Residential,5907 Jessup Meadows Dr,North Chesterfield,VA,23224,344000,3,2.5,JESSUP MEADOWS,1400,10890,2019,11,246,17,Active,,,https://www.redfin.com/VA/North-Chesterfield/5907-Jessup-Meadows-Dr-23234/home/148526515,BRIGHT MLS,VACF2000628,N,Y,37.4381593,-77.5074102
MLS Listing,,Single Family Residential,8512 Sherbrook Ct,North Chesterfield,VA,23235,575000,5,3.5,Oxford,2643,23827,1979,11,218,,Active,,,https://www.redfin.com/VA/North-Chesterfield/8512-Sherbrook-Ct-23235/home/59535707,CVRMLS,2402057,N,Y,37.5411114,-77.5547994
MLS Listing,,Single Family Residential,120 Hawk Nest Ct,Henrico,VA,23227,449900,4,2.5,Ashbury At Stoneleigh,2450,14518,2008,11,184,33,Active,,,https://www.redfin.com/VA/Richmond/120-Hawk-Nest-Ct-23227/home/59606151,CVRMLS,2402052,N,Y,37.6413535,-77.4272337
MLS Listing,,Condo/Co-op,2956 Hathaway Rd #709,Richmond,VA,23225,290000,2,2.0,HATHAWAY TOWER,1379,,1972,11,210,1200,Active,,,https://www.redfin.com/VA/Richmond/2956-Hathaway-Rd-23225/unit-709/home/177040349,BRIGHT MLS,VARC2000446,N,Y,37.5399991,-77.5196177
MLS Listing,,Townhouse,2441 Ownby Ln Unit B14,Richmond,VA,23220,592380,4,3.0,The Outpost at Brewers Row,2421,,2023,11,245,240,Active,,,https://www.redfin.com/VA/Richmond/2441-Ownby-Ln-23220/unit-B14/home/183688011,CVRMLS,2402098,N,Y,37.5651955,-77.4564413
MLS Listing,,Single Family Residential,10905 Forest Trace Ln,Glen Allen,VA,23059,480000,5,2.5,Forest Trace,2440,9487,1998,11,197,,Active,,,https://www.redfin.com/VA/Glen-Allen/10905-Forest-Trace-Ln-23059/home/59617460,CVRMLS,2401083,N,Y,37.6713396,-77.48913
MLS Listing,,Single Family Residential,5017 Dis Cir,Sandston,VA,23150,461075,3,2.5,,2221,44997,2024,11,208,,Active,,,https://www.redfin.com/VA/Sandston/5017-Dis-Cir-23150/home/59608285,CVRMLS,2402076,N,Y,37.4685,-77.197868
MLS Listing,,Single Family Residential,6630 Holborn Rd,Chesterfield,VA,23224,246000,2,1.5,Marlboro,1769,15681,1963,11,139,,Active,,,https://www.redfin.com/VA/North-Chesterfield/6630-Holborn-Rd-23224/home/59547206,CVRMLS,2401895,N,Y,37.4710577,-77.5168179
PAST SALE,December-10-2021,Single Family Residential,1020 Dotson Rd,Henrico,VA,23231,305000,3,1.5,Richland Heights,1352,45084,1963,4,226,,Pending,,,https://www.redfin.com/VA/Henrico/1020-Dotson-Rd-23231/home/59695275,CVRMLS,2401655,N,Y,37.4626202,-77.4072818
MLS Listing,,Condo/Co-op,2956 Hathaway Rd Unit U709,Richmond,VA,23225,290000,2,2.0,Hathaway Tower Condominiums,1379,175011,1972,11,210,1265,Active,,,https://www.redfin.com/VA/Richmond/2956-Hathaway-Rd-23225/unit-U709/home/55396795,CVRMLS,2401806,N,Y,37.5399991,-77.5196177
MLS Listing,,Single Family Residential,3307 Garland Ave,Richmond,VA,23222,524950,4,3.5,North Richmond Terrace,3020,3249,2023,11,174,,Active,,,https://www.redfin.com/VA/Richmond/3307-Garland-Ave-23222/home/55423470,CVRMLS,2401922,N,Y,37.5768868,-77.4335549
MLS Listing,,Single Family Residential,1725 Idlewood Ave,Richmond,VA,23220,399900,3,2.5,Everton Manor,1690,2748,2005,11,237,,Active,,,https://www.redfin.com/VA/Richmond/1725-Idlewood-Ave-23220/home/55452980,CVRMLS,2402004,N,Y,37.544561,-77.4648734
MLS Listing,,Condo/Co-op,7608 Roscommon Ct #2302,Henrico,VA,23228,220000,2,2.0,Shannon Green Condo,912,871,1989,11,241,235,Active,,,https://www.redfin.com/VA/Henrico/7608-Roscommon-Ct-23228/unit-2302/home/59635376,CVRMLS,2401952,N,Y,37.6391855,-77.5274791
MLS Listing,,Single Family Residential,2623 Grayland Ave,Richmond,VA,23220,500000,3,1.5,,1360,2003,1920,11,368,,Active,February-11-2024 02:00 PM,February-11-2024 04:00 PM,https://www.redfin.com/VA/Richmond/2623-Grayland-Ave-23220/home/55442477,CVRMLS,2401885,N,Y,37.5492817,-77.4755973
MLS Listing,,Single Family Residential,334 Grayson St,Henrico,VA,23222,289950,3,2.5,Providence Park Annex,1120,,2024,11,259,,Active,,,https://www.redfin.com/VA/Richmond/334-Grayson-St-23222/home/59673405,CVRMLS,2401978,N,Y,37.5822138,-77.4301478
MLS Listing,,Single Family Residential,203 Masonic Ln,Henrico,VA,23223,245000,2,1.0,Windsor Place,921,,1940,12,266,,Active,,,https://www.redfin.com/VA/Richmond/203-Masonic-Ln-23223/home/59684163,CVRMLS,2401304,N,Y,37.5380228,-77.3760691
MLS Listing,,Single Family Residential,8728 Pine Top Dr,Henrico,VA,23294,349000,5,2.0,Walton Farms,1626,12288,1982,12,215,,Active,,,https://www.redfin.com/VA/Henrico/8728-Pine-Top-Dr-23294/home/59627254,CVRMLS,2402027,N,Y,37.6471382,-77.5379153
MLS Listing,,Single Family Residential,901 Wynfield Ter,Henrico,VA,23223,329900,3,2.0,Wynfield,1986,11264,1994,12,166,,Active,,,https://www.redfin.com/VA/Richmond/901-Wynfield-Ter-23223/home/59682225,CVRMLS,2402045,N,Y,37.5436847,-77.3496483
MLS Listing,,Single Family Residential,1419 Winters Hill Pl,Chesterfield,VA,23236,329950,3,2.5,Winters Hill Place,1408,15376,1988,12,234,23,Active,,,https://www.redfin.com/VA/North-Chesterfield/1419-Winters-Hill-Pl-23236/home/59531133,CVRMLS,2402037,N,Y,37.4779892,-77.5725765
MLS Listing,,Single Family Residential,6190 Bison Ford Dr,Chesterfield,VA,23234,445000,5,2.5,Jessup Meadows,2203,9278,2023,12,202,,Active,,,https://www.redfin.com/VA/North-Chesterfield/6190-Bison-Ford-Dr-23234/home/185372305,CVRMLS,2402029,N,Y,37.432608,-77.5054654
MLS Listing,,Multi-Family (2-4 Unit),1112 Porter St,Richmond,VA,23224,650000,5,4.0,,2722,4051,2013,12,239,,Active,,,https://www.redfin.com/VA/Richmond/1112-Porter-St-23224/home/55427910,CVRMLS,2402016,N,Y,37.522644,-77.4454767
MLS Listing,,Townhouse,1809 Liesfeld Pkwy,Glen Allen,VA,23060,589900,3,3.5,West Broad Village,2892,1537,2013,12,204,300,Active,,,https://www.redfin.com/VA/Glen-Allen/1809-Liesfeld-Pkwy-23060/home/59610747,CVRMLS,2401947,N,Y,37.645679,-77.5972529
MLS Listing,,Townhouse,11758 Triple Notch Ter,Henrico,VA,23233,540000,3,3.5,Three Notch Place,2498,3049,2011,12,216,350,Active,,,https://www.redfin.com/VA/Henrico/11758-Triple-Notch-Ter-23233/home/59603762,CVRMLS,2401989,N,Y,37.645024,-77.614114
MLS Listing,,Single Family Residential,4249 Inca Dr,North Chesterfield,VA,23237,450000,3,2.5,Indian Springs - Chest,3120,15289,1971,12,144,,Active,,,https://www.redfin.com/VA/North-Chesterfield/4249-Inca-Dr-23237/home/59562432,CVRMLS,2401913,N,Y,37.4085403,-77.4659375
MLS Listing,,Townhouse,4026 Rivermere Ln,Glen Allen,VA,23059,459950,3,2.5,River Mill,1842,5632,2019,12,250,160,Active,,,https://www.redfin.com/VA/Glen-Allen/4026-Rivermere-Ln-23059/home/167815367,CVRMLS,2401887,N,Y,37.67934,-77.469255
MLS Listing,,Vacant Land,4198 Charles City Rd,Henrico,VA,23231,99950,,,,,56410,,12,,,Active,,,https://www.redfin.com/VA/Henrico/4198-Charles-City-Rd-23231/home/189518445,CVRMLS,2402013,N,Y,37.474886,-77.296406
MLS Listing,,Single Family Residential,3209 Kenbridge St,Henrico,VA,23231,224990,2,1.0,Gilbert Gardens,846,,1948,12,266,,Active,,,https://www.redfin.com/VA/Henrico/3209-Kenbridge-St-23231/home/59686420,CVRMLS,2401959,N,Y,37.5243023,-77.369442
MLS Listing,,Single Family Residential,7411 Indian River Run #32,Henrico,VA,23231,479900,3,2.0,Settlers Ridge,2090,,2023,12,230,250,Active,,,https://www.redfin.com/VA/Henrico/7411-Indian-River-Run-23231/unit-32/home/189516782,CVRMLS,2330321,N,Y,37.4606464,-77.3899018
MLS Listing,,Single Family Residential,2905 Bufflehead Ct,Henrico,VA,23231,365000,4,2.0,Four Mile Run,1863,16391,1999,12,196,37,Active,,,https://www.redfin.com/VA/Henrico/2905-Bufflehead-Ct-23231/home/59695951,CVRMLS,2401439,N,Y,37.4428318,-77.3396437
MLS Listing,,Single Family Residential,1721 Bainbridge St,Richmond,VA,23224,187000,3,1.5,,1548,2639,1938,12,121,,Active,,,https://www.redfin.com/VA/Richmond/1721-Bainbridge-St-23224/home/55428522,CVRMLS,2401979,N,Y,37.5190472,-77.4501415
MLS Listing,,Single Family Residential,7400 Indian River Run #108,Henrico,VA,23231,449000,3,2.0,Settlers Ridge,1688,9365,2023,12,266,250,Active,,,https://www.redfin.com/VA/Henrico/7400-Indian-River-Run-23231/unit-108/home/189034248,CVRMLS,2401728,N,Y,37.4608161,-77.3904556
MLS Listing,,Single Family Residential,322 Oak Glen St,Richmond,VA,23225,319900,3,2.5,Pine Hurst,1365,,2024,12,234,,Active,,,https://www.redfin.com/VA/Richmond/322-Oak-Glen-St-23225/home/189512692,CVRMLS,2401901,N,Y,37.4996079,-77.5148468
MLS Listing,,Single Family Residential,9510 Deep Bottom Rd,Henrico,VA,23231,440000,4,2.5,Acreage,1708,,1972,13,258,,Active,,,https://www.redfin.com/VA/Henrico/9510-Deep-Bottom-Rd-23231/home/59697166,CVRMLS,2401944,N,Y,37.4081449,-77.3059445
MLS Listing,,Single Family Residential,501 W Marshall St,Richmond,VA,23220,525000,4,2.0,,2558,4582,1856,13,205,,Active,,,https://www.redfin.com/VA/Richmond/501-W-Marshall-St-23220/home/55417071,CVRMLS,2401898,N,Y,37.5490217,-77.4457085
MLS Listing,,Townhouse,3811 Maher Mnr,Glen Allen,VA,23060,485000,3,2.5,West Broad Village,1994,1494,2009,13,243,320,Active,,,https://www.redfin.com/VA/Glen-Allen/3811-Maher-Mnr-23060/home/59608059,CVRMLS,2401166,N,Y,37.6457713,-77.600301
MLS Listing,,Single Family Residential,1117 Lovey Ln,Henrico,VA,23231,329900,3,2.5,New Market Farms,1696,11543,2005,13,195,,Active,,,https://www.redfin.com/VA/Henrico/1117-Lovey-Ln-23231/home/59602912,CVRMLS,2401941,N,Y,37.4891843,-77.4014076
MLS Listing,,Single Family Residential,228 N Mapleleaf Ave,Highland Springs,VA,23075,259900,3,1.5,,1053,6560,1971,13,247,,Active,,,https://www.redfin.com/VA/Henrico/228-N-Mapleleaf-Ave-23075/home/59683747,CVRMLS,2401937,N,Y,37.5472302,-77.3181509
MLS Listing,,Single Family Residential,2900 Rycliff Ave,Chesterfield,VA,23237,415805,3,2.0,Rayon Park,1589,7013,2024,13,262,,Active,,,https://www.redfin.com/VA/North-Chesterfield/2900-Rycliff-Ave-23237/home/59568780,CVRMLS,2401925,N,Y,37.4185912,-77.4428325
MLS Listing,,Single Family Residential,4421 Uppingham Rd,Richmond,VA,23235,750000,5,3.5,Huguenot Farms,3250,21344,1995,13,231,9,Active,,,https://www.redfin.com/VA/Richmond/4421-Uppingham-Rd-23235/home/55393072,CVRMLS,2401053,N,Y,37.5547027,-77.5830674
MLS Listing,,Vacant Land,2400 Springs Rd,North Chesterfield,VA,23234,120000,,,Summer Hill,,15624,,13,,,Active,,,https://www.redfin.com/VA/North-Chesterfield/2400-Springs-Rd-23234/home/55436088,CVRMLS,2401690,N,Y,37.480012,-77.442317
MLS Listing,,Vacant Land,2316 Springs Rd,North Chesterfield,VA,23234,60000,,,Summer Hill,,6250,,13,,,Active,,,https://www.redfin.com/VA/North-Chesterfield/2316-Springs-Rd-23234/home/55436094,CVRMLS,2401702,N,Y,37.480028,-77.441855
MLS Listing,,Vacant Land,2320 Springs Rd,North Chesterfield,VA,23234,60000,,,Summer Hill,,6250,,13,,,Active,,,https://www.redfin.com/VA/North-Chesterfield/2320-Springs-Rd-23234/home/55436093,CVRMLS,2401700,N,Y,37.480022,-77.442025
MLS Listing,,Vacant Land,2314 Springs Rd,North Chesterfield,VA,23234,30000,,,Summer Hill,,3123,,13,,,Active,,,https://www.redfin.com/VA/North-Chesterfield/2314-Springs-Rd-23234/home/55436091,CVRMLS,2401703,N,Y,37.480035,-77.441721
MLS Listing,,Vacant Land,2312 Springs Rd,North Chesterfield,VA,23234,30000,,,Summer Hill,,3123,,13,,,Active,,,https://www.redfin.com/VA/North-Chesterfield/2312-Springs-Rd-23234/home/55436092,CVRMLS,2401793,N,Y,37.480036,-77.441637
MLS Listing,,Vacant Land,2409 Springs Rd,North Chesterfield,VA,23234,60000,,,Summer Hill,,8041,,13,,,Active,,,https://www.redfin.com/VA/North-Chesterfield/2409-Springs-Rd-23234/home/55436149,CVRMLS,2401797,N,Y,37.480477,-77.442693
MLS Listing,,Vacant Land,2300 Springs Rd,North Chesterfield,VA,23234,120000,,,Summer Hill,,16757,,13,,,Active,,,https://www.redfin.com/VA/North-Chesterfield/2300-Springs-Rd-23234/home/55436097,CVRMLS,2401795,N,Y,37.480068,-77.441345
MLS Listing,,Vacant Land,2401 Springs Rd,North Chesterfield,VA,23234,120000,,,Summer Hill,,12501,,13,,,Active,,,https://www.redfin.com/VA/North-Chesterfield/2401-Springs-Rd-23234/home/55436147,CVRMLS,2401800,N,Y,37.480485,-77.442409
MLS Listing,,Vacant Land,2317 Springs Rd,North Chesterfield,VA,23234,180000,,,Summer Hill,,18748,,13,,,Active,,,https://www.redfin.com/VA/North-Chesterfield/2317-Springs-Rd-23234/home/55436148,CVRMLS,2401801,N,Y,37.4805009,-77.44198
MLS Listing,,Vacant Land,2313 Springs Rd,North Chesterfield,VA,23234,60000,,,Summer Hill,,6250,,13,,,Active,,,https://www.redfin.com/VA/North-Chesterfield/2313-Springs-Rd-23234/home/55436141,CVRMLS,2401804,N,Y,37.480513,-77.441631
MLS Listing,,Vacant Land,3109 Lynhaven Ave,North Chesterfield,VA,23234,120000,,,Summer Hill,,12501,,13,,,Active,,,https://www.redfin.com/VA/Richmond/3109-Lynhaven-Ave-23234/home/55436139,CVRMLS,2401809,N,Y,37.480527,-77.4411949
MLS Listing,,Vacant Land,2309 Springs Rd,North Chesterfield,VA,23234,60000,,,Summer Hill,,6250,,13,,,Active,,,https://www.redfin.com/VA/North-Chesterfield/2309-Springs-Rd-23234/home/55436142,CVRMLS,2401805,N,Y,37.480519,-77.441457
MLS Listing,,Single Family Residential,5400 Linwood Ave,Richmond,VA,23224,230000,3,1.5,South Garden,1260,15245,1947,13,183,,Active,,,https://www.redfin.com/VA/Richmond/5400-Linwood-Ave-23224/home/55403030,CVRMLS,2401100,N,Y,37.4868463,-77.4906296
MLS Listing,,Townhouse,12027 Foxfield Cir,Henrico,VA,23233,378000,3,2.5,Foxfield At Wellesley,1524,2265,1989,13,248,264,Active,,,https://www.redfin.com/VA/Henrico/12027-Foxfield-Cir-23233/home/59624938,CVRMLS,2400875,N,Y,37.6503848,-77.6262262
MLS Listing,,Condo/Co-op,5301 Twisting Vine Ln #202,Glen Allen,VA,23059,371950,2,2.0,Twin Hickory,1367,,2024,13,272,278,Active,,,https://www.redfin.com/VA/Glen-Allen/5301-Twisting-Vine-Ln-23059/unit-202/home/189505967,CVRMLS,2401881,N,Y,37.6626825,-77.6095434
MLS Listing,,Single Family Residential,3028 Farmstead Mill Dr,Glen Allen,VA,23059,695000,3,3.5,River Mill,2437,7871,2023,13,285,89,Active,,,https://www.redfin.com/VA/Glen-Allen/3028-Farmstead-Mill-Dr-23059/home/167815009,CVRMLS,2401660,N,Y,37.6796597,-77.4725051
MLS Listing,,Single Family Residential,3328 Kingsdale Rd,Chesterfield,VA,23237,400000,4,2.5,Alberta Terrace,2146,20821,2019,13,186,,Active,,,https://www.redfin.com/VA/North-Chesterfield/3328-Kingsdale-Rd-23237/home/144492168,CVRMLS,2400667,N,Y,37.3952831,-77.4445376
MLS Listing,,Single Family Residential,106 Federal St,Sandston,VA,23150,264950,3,1.5,Sandston,937,,1925,13,283,,Active,,,https://www.redfin.com/VA/Sandston/106-Federal-St-23150/home/59688339,CVRMLS,2401861,N,Y,37.5239668,-77.3111055
MLS Listing,,Single Family Residential,3517 E Clay St,Richmond,VA,23223,474999,3,2.5,Chimborazo,2000,4290,2005,14,237,,Active,,,https://www.redfin.com/VA/Richmond/3517-E-Clay-St-23223/home/55413023,CVRMLS,2401329,N,Y,37.5272783,-77.4075864
MLS Listing,,Single Family Residential,3613 Seminary Ave,Richmond,VA,23227,1300000,8,5.0,Ginter Park,4826,23343,1920,14,269,,Active,,,https://www.redfin.com/VA/Richmond/3613-Seminary-Ave-23227/home/55424990,CVRMLS,2400838,N,Y,37.58361,-77.4486569
MLS Listing,,Single Family Residential,1708 Saddlehorse Pl,Henrico,VA,23231,335000,3,2.5,Foxboro Downs,1776,10890,2000,14,189,9,Active,,,https://www.redfin.com/VA/Henrico/1708-Saddlehorse-Pl-23231/home/59693032,CVRMLS,2401560,N,Y,37.4886273,-77.3883284
MLS Listing,,Single Family Residential,3621 Carolina Ave,Richmond,VA,23222,402000,3,2.5,Highland Park,2112,4900,1920,14,190,,Active,,,https://www.redfin.com/VA/Richmond/3621-Carolina-Ave-23222/home/55423203,CVRMLS,2400996,N,Y,37.5795328,-77.4148763
MLS Listing,,Single Family Residential,800 W Lancaster Rd,Richmond,VA,23222,649950,5,4.5,Battery Park,3182,7000,1926,14,204,,Active,,,https://www.redfin.com/VA/Richmond/800-W-Lancaster-Rd-23222/home/55418969,CVRMLS,2401265,N,Y,37.5667882,-77.442115
MLS Listing,,Single Family Residential,5912 Chamberlayne Rd,Richmond,VA,23227,395000,4,2.0,Chamberlayne Farms,2213,19662,1949,14,178,,Active,,,https://www.redfin.com/VA/Richmond/5912-Chamberlayne-Rd-23227/home/59646785,CVRMLS,2400752,N,Y,37.6248244,-77.4382283
MLS Listing,,Vacant Land,4427 Lake Hills Ct,North Chesterfield,VA,23234,15000,,,Lake Hills,,47567,,14,,,Active,,,https://www.redfin.com/VA/North-Chesterfield/4427-Lake-Hills-Ct-23234/home/59561114,CVRMLS,2327653,N,Y,37.4618309,-77.466333
MLS Listing,,Single Family Residential,2301 Woodman Hills Ct,Glen Allen,VA,23060,649950,4,2.5,Woodman Hills,2832,,2024,14,230,33,Active,,,https://www.redfin.com/VA/Glen-Allen/2301-Woodman-Hills-Ct-23060/home/59597563,CVRMLS,2401833,N,Y,37.657331,-77.492366
MLS Listing,,Single Family Residential,7500 Parkline Dr,Henrico,VA,23229,359950,3,1.0,Tuckahoe Hills,1226,14727,1955,14,294,,Active,,,https://www.redfin.com/VA/Henrico/7500-Parkline-Dr-23229/home/59660147,CVRMLS,2401207,N,Y,37.6000631,-77.5378929
MLS Listing,,Vacant Land,8896x Strath Rd,Henrico,VA,23231,99000,,,,,123231,,14,,,Active,,,https://www.redfin.com/VA/Henrico/8896-Strath-Rd-23231/home/59697435,CVRMLS,2401616,N,Y,37.4216606,-77.3493567
MLS Listing,,Vacant Land,314 E Preston St,Richmond,VA,23219,65000,,,,,2539,,14,,,Active,,,https://www.redfin.com/VA/Richmond/314-E-Preston-St-23219/home/55416269,CVRMLS,2401802,N,Y,37.550148,-77.43256
MLS Listing,,Single Family Residential,915 State St,Richmond,VA,23231,355000,3,2.0,Fulton Manor,1449,,1983,14,245,,Active,,,https://www.redfin.com/VA/Richmond/915-State-St-23231/home/55414341,CVRMLS,2401811,N,Y,37.5186807,-77.4041878
MLS Listing,,Townhouse,3530 E Richmond Rd Unit U2,Richmond,VA,23223,125000,2,1.0,Chimborazo,692,692,1966,14,181,122,Active,,,https://www.redfin.com/VA/Richmond/3530-E-Richmond-Rd-23223/unit-U2/home/112982843,CVRMLS,2401796,N,Y,37.5313935,-77.3956901
MLS Listing,,Single Family Residential,3501 Ormiston Grove Cir,Henrico,VA,23233,1799000,4,4.5,Greengate,4351,9130,2023,15,413,210,Active,,,https://www.redfin.com/VA/Henrico/3501-Ormiston-Grove-Cir-23233/home/167794626,CVRMLS,2401299,N,Y,37.657685,-77.6424038
MLS Listing,,Condo/Co-op,4820 Old Main St #604,Henrico,VA,23231,1950000,4,4.5,Village Of Rocketts Landing,4692,4691,2007,15,416,1750,Active,,,https://www.redfin.com/VA/Henrico/4820-Old-Main-St-23231/unit-604/home/59607044,CVRMLS,2401610,N,Y,37.5169068,-77.4154175
MLS Listing,,Condo/Co-op,4107 Greybull Dr Unit B,Henrico,VA,23233,485785,3,2.5,Gateway Square,2451,,2024,15,198,195,Active,,,https://www.redfin.com/VA/Ridge/4107-Greybull-Dr-23233/unit-B/home/189481988,CVRMLS,2401693,N,Y,37.6604331,-77.6432849
MLS Listing,,Condo/Co-op,4006 Chapman Grove Dr Unit B,Henrico,VA,23233,475035,3,2.5,Gateway Square,2451,,2024,15,194,195,Active,,,https://www.redfin.com/VA/Henrico/11958-W-Broad-St-23233/unit-B/home/188930055,CVRMLS,2401670,N,Y,37.6573168,-77.6259568
MLS Listing,,Single Family Residential,3007 3rd Ave,Richmond,VA,23222,349950,3,2.5,Highland Park,2036,6202,1910,15,172,,Active,,,https://www.redfin.com/VA/Richmond/3007-3rd-Ave-23222/home/55420343,CVRMLS,2401314,N,Y,37.5699869,-77.4162942
MLS Listing,,Townhouse,3221 Conningham Ln,Henrico,VA,23233,898000,4,4.5,Greengate,3033,2082,2018,16,296,200,Active,,,https://www.redfin.com/VA/Henrico/3221-Conningham-Ln-23233/home/113276032,CVRMLS,2401156,N,Y,37.6572221,-77.6372456
MLS Listing,,Single Family Residential,11600 Herrick Ln,Glen Allen,VA,23059,799000,4,2.5,Dominion Hills,3394,35719,2006,16,235,18,Active,,,https://www.redfin.com/VA/Glen-Allen/11600-Herrick-Ln-23059/home/59602751,CVRMLS,2401373,N,Y,37.6911735,-77.6012288
MLS Listing,,Vacant Land,980 Dotson Rd,Henrico,VA,23231,200000,,,Richmond Heights,,199504,,16,,,Active,,,https://www.redfin.com/VA/Henrico/980-Dotson-Rd-23231/home/59695277,CVRMLS,2401615,N,Y,37.4627523,-77.4082955
MLS Listing,,Multi-Family (2-4 Unit),1812 Stockton St,Richmond,VA,23224,300000,4,4.0,,2160,3044,1914,17,139,,Active,,,https://www.redfin.com/VA/Richmond/1812-Stockton-St-23224/home/55428465,CVRMLS,2400964,N,Y,37.5157539,-77.4477089
MLS Listing,,Multi-Family (2-4 Unit),3021 Chamberlayne Ave,Richmond,VA,23227,466000,8,4.0,,2875,16247,1940,17,162,,Active,,,https://www.redfin.com/VA/Richmond/3021-Chamberlayne-Ave-23227/home/55421237,CVRMLS,2400955,N,Y,37.5742069,-77.4451187
MLS Listing,,Single Family Residential,3423 Maryland Ave,Richmond,VA,23222,220000,4,2.0,Hermitage Park,1056,4900,1951,17,208,,Active,,,https://www.redfin.com/VA/Richmond/3423-Maryland-Ave-23222/home/55422143,CVRMLS,2400952,N,Y,37.5778704,-77.4176882
MLS Listing,,Multi-Family (2-4 Unit),1606 Maury St,Richmond,VA,23224,350000,4,4.0,Richmond & Manchester Land Crp,2496,4477,1916,17,140,,Active,,,https://www.redfin.com/VA/Richmond/1606-Maury-St-23224/home/55428343,CVRMLS,2400961,N,Y,37.5150862,-77.4442253
MLS Listing,,Single Family Residential,18378 Govenor Dr,Ruther Glen,VA,22546,549999,4,3.0,PENDLETON,3300,5830,2024,17,167,60,Active,,,https://www.redfin.com/VA/Ruther-Glen/18378-Govenor-DR-22546/home/189471635,BRIGHT MLS,VACV2005280,N,Y,37.5404432,-77.48949935
MLS Listing,,Single Family Residential,901 E Belt Blvd,Richmond,VA,23224,184990,4,2.0,Woodstock,1998,8772,1940,17,93,,Active,,,https://www.redfin.com/VA/Richmond/901-E-Belt-Blvd-23224/home/55400673,CVRMLS,2401127,N,Y,37.5004365,-77.4715227
MLS Listing,,Single Family Residential,11 Lexington Rd,Richmond,VA,23226,649900,4,1.5,Stonewall Court,1893,7000,1929,18,343,,Active,,,https://www.redfin.com/VA/Richmond/11-Lexington-Rd-23226/home/55450388,CVRMLS,2401495,N,Y,37.5664074,-77.5072758
MLS Listing,,Townhouse,17 Foushee Mews Walk #20,Richmond,VA,23219,999990,4,4.5,,3533,,2024,18,283,200,Active,,,https://www.redfin.com/VA/Richmond/17-Foushee-Mews-WALK-23219/unit-20/home/184994946,CVRMLS,2401534,N,Y,37.542343,-77.444088
MLS Listing,,Townhouse,9447 Creek Summit Cir #11,Richmond,VA,23235,599000,3,3.5,Creeks Edge At Stony Point,2587,,2024,18,232,275,Active,,,https://www.redfin.com/VA/Richmond/9447-Creek-Summit-Cir-23235/unit-11/home/185762392,CVRMLS,2401244,N,Y,37.548646,-77.576066
MLS Listing,,Townhouse,9 E Main St #16,Richmond,VA,23219,799900,3,3.5,,2350,,2024,18,340,200,Active,,,https://www.redfin.com/VA/Richmond/9-E-Main-St-23219/unit-16/home/184090959,CVRMLS,2401528,N,Y,37.541135,-77.441013
MLS Listing,,Townhouse,9443 Creek Summit Cir #9,Richmond,VA,23235,549980,3,3.5,Creeks Edge At Stony Point,2008,,2024,18,274,275,Active,,,https://www.redfin.com/VA/Richmond/9443-Creek-Summit-Cir-23235/unit-9/home/185775530,CVRMLS,2401240,N,Y,37.548639,-77.57592
MLS Listing,,Single Family Residential,4561 Bacova Club Ct,Glen Allen,VA,23059,939475,6,5.0,Woodson Hills At Bacova,3625,6534,2024,18,259,208,Active,,,https://www.redfin.com/VA/Glen-Allen/4561-Bacova-Club-Ct-23059/home/188166122,CVRMLS,2401459,N,Y,37.665165,-77.6194686
MLS Listing,,Single Family Residential,304 E 33rd St,Richmond,VA,23224,209950,2,1.0,Burfoot Addition,866,7039,1945,18,242,,Active,,,https://www.redfin.com/VA/Richmond/304-E-33rd-St-23224/home/55431608,CVRMLS,2400980,N,Y,37.5079505,-77.4674636
MLS Listing,,Townhouse,1 E Main St,Richmond,VA,23219,839900,3,3.5,,2350,,2024,18,357,200,Active,,,https://www.redfin.com/VA/Richmond/1-E-Main-St-23220/home/189461750,CVRMLS,2400603,N,Y,37.5430844,-77.4436892
MLS Listing,,Single Family Residential,1020 E Belt Blvd,Richmond,VA,23224,295000,3,2.0,Woodstock,1356,9321,1941,18,218,,Active,,,https://www.redfin.com/VA/Richmond/1020-E-Belt-Blvd-23224/home/55400836,CVRMLS,2330234,N,Y,37.4989091,-77.4708022
MLS Listing,,Townhouse,6708 Edith Oaks Way Unit 15C,North Chesterfield,VA,23234,340000,3,2.5,Austin Woods,1564,2657,2022,18,217,169,Active,,,https://www.redfin.com/VA/North-Chesterfield/6708-Edith-Oaks-Way-23234/unit-15C/home/189460626,CVRMLS,2400486,N,Y,37.420525,-77.4959964
MLS Listing,,Single Family Residential,3003 Maplewood Rd,Henrico,VA,23228,389990,4,2.0,Pinehurst Gardens,1586,11443,1951,18,246,,Active,,,https://www.redfin.com/VA/Henrico/3003-Maplewood-Rd-23228/home/59654831,CVRMLS,2400198,N,Y,37.6083657,-77.4882339
MLS Listing,,Single Family Residential,2217 Cedar St,Richmond,VA,23223,390000,2,2.5,,1532,1738,2020,18,255,,Active,February-10-2024 11:00 AM,February-10-2024 01:00 PM,https://www.redfin.com/VA/Richmond/2217-Cedar-St-23223/home/55408473,CVRMLS,2401306,N,Y,37.5371085,-77.4173199
MLS Listing,,Vacant Land,404 N 23rd St,Richmond,VA,23223,110000,,,,,1154,,19,,,Active,,,https://www.redfin.com/VA/Richmond/404-N-23rd-St-23223/home/55408711,CVRMLS,2401364,N,Y,37.533987,-77.419631
MLS Listing,,Single Family Residential,8441 Varina Rd,Henrico,VA,23231,369900,4,2.0,Varina Acres,2538,102801,1989,19,146,,Active,,,https://www.redfin.com/VA/Henrico/8441-Varina-Rd-23231/home/59696618,CVRMLS,2401350,N,Y,37.4343852,-77.3639585
MLS Listing,,Single Family Residential,9301 Larus Ct,Richmond,VA,23235,1595000,5,4.0,Stony Point Green,3586,18203,2024,19,445,75,Active,,,https://www.redfin.com/VA/Richmond/9301-Larus-Ct-23235/home/55389177,CVRMLS,2329757,N,Y,37.544069,-77.569023
MLS Listing,,Condo/Co-op,5301 Twisting Vine Ln #105,Glen Allen,VA,23059,443950,3,2.5,Twin Hickory,1932,,2024,19,230,278,Active,,,https://www.redfin.com/VA/Glen-Allen/5301-Twisting-Vine-Ln-23059/unit-105/home/189451718,CVRMLS,2401413,N,Y,37.6626825,-77.6095434
MLS Listing,,Condo/Co-op,5301 Twisting Vine Ln #205,Glen Allen,VA,23059,445950,3,2.5,Twin Hickory,2207,,2024,19,202,278,Active,,,https://www.redfin.com/VA/Glen-Allen/5301-Twisting-Vine-Ln-23059/unit-205/home/189451669,CVRMLS,2401411,N,Y,37.6626825,-77.6095434
MLS Listing,,Condo/Co-op,5301 Twisting Vine Ln #203,Glen Allen,VA,23059,332950,1,2.0,Twin Hickory,1227,,2024,19,271,278,Active,,,https://www.redfin.com/VA/Glen-Allen/5301-Twisting-Vine-Ln-23059/unit-203/home/189451597,CVRMLS,2401408,N,Y,37.6626825,-77.6095434
MLS Listing,,Condo/Co-op,5301 Twisting Vine Ln #201,Glen Allen,VA,23059,371950,2,2.0,Twin Hickory,1367,,2024,19,272,278,Active,,,https://www.redfin.com/VA/Glen-Allen/5301-Twisting-Vine-Ln-23059/unit-201/home/189451551,CVRMLS,2401407,N,Y,37.6626825,-77.6095434
MLS Listing,,Condo/Co-op,5301 Twisting Vine Ln #104,Glen Allen,VA,23059,327950,1,1.5,Twin Hickory,1116,,2024,19,294,278,Active,,,https://www.redfin.com/VA/Glen-Allen/5301-Twisting-Vine-Ln-23059/unit-104/home/189451452,CVRMLS,2401405,N,Y,37.6626825,-77.6095434
MLS Listing,,Condo/Co-op,5301 Twisting Vine Ln #103,Glen Allen,VA,23059,327950,1,1.5,Twin Hickory,1116,,2024,19,294,278,Active,,,https://www.redfin.com/VA/Glen-Allen/5301-Twisting-Vine-Ln-23059/unit-103/home/189451434,CVRMLS,2401404,N,Y,37.6626825,-77.6095434
MLS Listing,,Single Family Residential,411 N 22nd St,Richmond,VA,23223,594950,4,2.5,,2102,1759,2024,19,283,,Active,,,https://www.redfin.com/VA/Richmond/411-N-22nd-St-23223/home/55408722,CVRMLS,2400655,N,Y,37.5343339,-77.4201837
MLS Listing,,Townhouse,1 Bankside Mews,Henrico,VA,23231,2000000,4,5.0,Village Of Rocketts Landing,4487,2090,2013,19,446,220,Active,,,https://www.redfin.com/VA/Henrico/1-Bankside-Mews-23231/home/59611411,CVRMLS,2400194,N,Y,37.5166633,-77.4158775
MLS Listing,,Condo/Co-op,3804 Wellesley Terrace Cir,Henrico,VA,23233,560000,4,3.0,Park Terrace At Wellesley,2363,241004,1995,20,237,634,Active,,,https://www.redfin.com/VA/Henrico/3804-Wellesley-Terrace-Cir-23233/home/59625241,CVRMLS,2401256,N,Y,37.6472366,-77.6256247
MLS Listing,,Single Family Residential,8306 Mark Lawn Dr,Henrico,VA,23229,349950,3,1.0,Mark Lawn,1080,13098,1955,20,324,,Active,,,https://www.redfin.com/VA/Henrico/8306-Mark-Lawn-Dr-23229/home/59643381,CVRMLS,2401292,N,Y,37.6209829,-77.549112
MLS Listing,,Condo/Co-op,1231-4A Byrd Ave Unit 4A,Richmond,VA,23226,1700000,2,2.0,MONUMENT SQUARE,3319,,2008,20,512,657,Active,,,https://www.redfin.com/VA/Richmond/1231-Byrd-Ave-23226/unit-4A/home/59608909,BRIGHT MLS,VAHN2000430,N,Y,37.5797204,-77.5051483
MLS Listing,,Condo/Co-op,5300 Twisting Vine Ln #204,Glen Allen,VA,23059,327950,1,2.0,Twin Hickory,1227,,2024,20,267,278,Active,,,https://www.redfin.com/VA/Glen-Allen/5300-Twisting-Vine-LN-Unknown/unit-204/home/189414448,CVRMLS,2401353,N,Y,37.66249,-77.610645
MLS Listing,,Condo/Co-op,5300 Twisting Vine Ln #203,Glen Allen,VA,23059,327950,1,2.0,Twin Hickory,1227,,2024,20,267,278,Active,,,https://www.redfin.com/VA/Glen-Allen/5300-Twisting-Vine-LN-Unknown/unit-203/home/189414391,CVRMLS,2401351,N,Y,37.662489,-77.610614
MLS Listing,,Condo/Co-op,5300 Twisting Vine Ln #104,Glen Allen,VA,23059,309950,1,1.5,Twin Hickory,1116,,2024,20,278,278,Active,,,https://www.redfin.com/VA/Glen-Allen/5300-Twisting-Vine-LN-Unknown/unit-104/home/189414235,CVRMLS,2401342,N,Y,37.662436,-77.610645
MLS Listing,,Townhouse,909 Kinney St,Richmond,VA,23220,480000,4,3.0,Carver,1724,1768,1910,20,278,,Active,,,https://www.redfin.com/VA/Richmond/909-Kinney-St-23220/home/55418184,CVRMLS,2401170,N,Y,37.5554926,-77.4518297
MLS Listing,,Condo/Co-op,4345 Saunders Station Loop Unit B,Henrico,VA,23233,450000,3,2.5,Saunders Station At Broad Hill Centre,2509,546547,2019,20,179,230,Active,,,https://www.redfin.com/VA/Henrico/4345-Saunders-Station-Loop-23233/unit-B/home/167794557,CVRMLS,2401319,N,Y,37.665142,-77.642663
MLS Listing,,Multi-Family (2-4 Unit),2517 W Main St,Richmond,VA,23220,635000,5,3.0,,2542,3175,1920,20,250,,Active,,,https://www.redfin.com/VA/Richmond/2517-W-Main-St-23220/home/55442601,CVRMLS,2401254,N,Y,37.5515504,-77.4728438
MLS Listing,,Single Family Residential,4341 Vauxhall Rd,North Chesterfield,VA,23234,368000,4,2.5,Meadowbrook West,2109,17903,1967,21,174,,Active,,,https://www.redfin.com/VA/North-Chesterfield/4341-Vauxhall-Rd-23234/home/59558758,CVRMLS,2401264,N,Y,37.4527659,-77.4751492
MLS Listing,,Vacant Land,890 Dabbs House Rd,Richmond,VA,23223,85000,,,,,117612,,21,,,Active,,,https://www.redfin.com/VA/Richmond/890-Dabbs-House-Rd-23223/home/163350818,CVRMLS,2401238,N,Y,37.556113,-77.377857
MLS Listing,,Single Family Residential,4970 Warwick Rd,Richmond,VA,23224,199000,2,1.0,Bessie B Cook,720,10323,1950,21,276,,Active,,,https://www.redfin.com/VA/Richmond/4970-Warwick-Rd-23224/home/55401702,CVRMLS,2328983,N,Y,37.4878105,-77.4805266
MLS Listing,,Single Family Residential,3504 Grail Ln,Richmond,VA,23231,468955,3,2.5,Castleton,2443,,2023,21,192,62,Active,,,https://www.redfin.com/VA/Henrico/3504-Grail-Ln-23231/home/185539606,CVRMLS,2401141,N,Y,37.4618988,-77.32513
MLS Listing,,Townhouse,6404 Belcroft Ct,Chesterfield,VA,23234,189950,2,1.0,Belfair Townhouses,888,2178,1984,21,214,195,Active,,,https://www.redfin.com/VA/North-Chesterfield/6404-Belcroft-Ct-23234/home/59546423,CVRMLS,2401204,N,Y,37.4597544,-77.5152164
MLS Listing,,Single Family Residential,10339 Cherokee Rd,Richmond,VA,23235,995000,4,2.5,Huguenot Farms,3876,41033,1966,21,257,,Active,,,https://www.redfin.com/VA/Richmond/10339-Cherokee-Rd-23235/home/55393067,CVRMLS,2330205,N,Y,37.555329,-77.5855157
MLS Listing,,Townhouse,1619 Logwood Cir,Henrico,VA,23238,389000,3,3.0,Gayton Forest Townhouses,2006,3920,1996,21,194,385,Active,,,https://www.redfin.com/VA/Henrico/1619-Logwood-Cir-23238/home/59651065,CVRMLS,2400829,N,Y,37.6113466,-77.600868
MLS Listing,,Condo/Co-op,1350 Westwood Ave Unit U805,Richmond,VA,23227,565000,2,2.0,Ginter Place Condos,1758,1759,1954,22,321,554,Active,,,https://www.redfin.com/VA/Richmond/1350-Westwood-Ave-23227/unit-U805/home/55392044,CVRMLS,2400500,N,Y,37.579257,-77.4542418
MLS Listing,,Single Family Residential,2706 P St,Richmond,VA,23223,250000,3,2.0,,1245,1751,1925,22,201,,Active,,,https://www.redfin.com/VA/Richmond/2706-P-St-23223/home/55409753,CVRMLS,2400984,N,Y,37.5365737,-77.4107576
MLS Listing,,Single Family Residential,3005 Terminal Ave,Richmond,VA,23234,370000,4,3.5,Scottdale,2141,8398,2024,22,173,,Active,,,https://www.redfin.com/VA/Richmond/3005-Terminal-Ave-23234/home/76772024,CVRMLS,2401043,N,Y,37.4819217,-77.4526343
MLS Listing,,Single Family Residential,1812 Rose Ave,Richmond,VA,23222,450000,3,2.5,Barton Heights,1980,5074,2023,22,227,,Active,,,https://www.redfin.com/VA/Richmond/1812-Rose-Ave-23222/home/160430034,CVRMLS,2400741,N,Y,37.5589243,-77.4345923
MLS Listing,,Single Family Residential,614 Jackson Ave,Henrico,VA,23222,339000,3,2.0,Highland Gardens,1668,8759,1950,22,203,,Active,,,https://www.redfin.com/VA/Richmond/614-Jackson-Ave-23222/home/59673483,CVRMLS,2401025,N,Y,37.5838016,-77.4220779
MLS Listing,,Single Family Residential,304 E 17th St,Richmond,VA,23224,330000,3,2.0,Everett Manor,1487,5392,2009,23,222,,Active,February-9-2024 06:00 PM,February-9-2024 08:00 PM,https://www.redfin.com/VA/Richmond/304-E-17th-St-23224/home/55392070,CVRMLS,2330203,N,Y,37.5156218,-77.4453495
MLS Listing,,Single Family Residential,,Chesterfield,VA,23236,320000,3,1.5,,1300,,1983,23,246,,Active,,,https://www.redfin.com/VA/North-Chesterfield/Undisclosed-address-23236/home/59523442,CVRMLS,2401095,N,Y,37.464644,-77.5913319
MLS Listing,,Townhouse,11 E Main St,Richmond,VA,23219,819900,3,3.5,,2350,,2024,23,349,200,Active,February-10-2024 01:00 PM,February-10-2024 04:00 PM,https://www.redfin.com/VA/Richmond/11-E-Main-St-23219/home/184727059,CVRMLS,2400671,N,Y,37.5426833,-77.4441751
MLS Listing,,Townhouse,9445 Creek Summit Cir #10,Richmond,VA,23235,609980,3,3.5,Creeks Edge At Stony Point,2576,,2024,23,237,275,Active,February-10-2024 01:00 PM,February-10-2024 04:00 PM,https://www.redfin.com/VA/Richmond/9445-Creek-Summit-Cir-23235/unit-10/home/185775529,CVRMLS,2400452,N,Y,37.548642,-77.575991
MLS Listing,,Single Family Residential,401 E Ladies Mile Rd,Richmond,VA,23222,219900,2,1.0,Providence Park,860,4051,1920,23,256,,Active,,,https://www.redfin.com/VA/Richmond/401-E-Ladies-Mile-Rd-23222/home/55424272,CVRMLS,2401059,N,Y,37.5812354,-77.4282807
MLS Listing,,Single Family Residential,6020 Bastione Ct,Glen Allen,VA,23060,624950,4,3.5,Linden Pointe,3099,6634,2012,24,202,280,Active,,,https://www.redfin.com/VA/Glen-Allen/6020-Bastione-Ct-23060/home/59605851,CVRMLS,2401063,N,Y,37.6709472,-77.5381841
MLS Listing,,Vacant Land,7801 Haupts Ln,Henrico,VA,23231,300000,,,Acreage,,1110780,,24,,,Active,,,https://www.redfin.com/VA/Henrico/7801-Haupts-Ln-23231/home/59883085,CVRMLS,2401052,N,Y,37.44907,-77.202735
MLS Listing,,Vacant Land,2201 Broad Rock Blvd,Richmond,VA,23224,195000,,,Mcguire Manor,,42549,,24,,,Active,,,https://www.redfin.com/VA/Richmond/2201-Broad-Rock-Blvd-23224/home/189366826,CVRMLS,2401058,N,Y,37.486522,-77.475176
MLS Listing,,Single Family Residential,10014 Brandywine Ave,Richmond,VA,23237,350000,5,3.0,CENTRAL PARK,2032,11325,1971,24,172,,Active,,,https://www.redfin.com/VA/North-Chesterfield/10014-Brandywine-Ave-23237/home/59573360,BRIGHT MLS,VACF2000558,N,Y,37.3873,-77.431485
MLS Listing,,Townhouse,2108 Liesfeld Pkwy,Glen Allen,VA,23060,525000,3,3.5,West Broad Village,2234,1176,2015,24,235,300,Active,,,https://www.redfin.com/VA/Glen-Allen/2108-Liesfeld-Pkwy-23060/home/59611621,CVRMLS,2401040,N,Y,37.6464963,-77.5999642
MLS Listing,,Condo/Co-op,9135 Derbyshire Rd Unit F,Henrico,VA,23229,299450,3,2.0,Deerwood Condo,1392,1393,1964,24,215,349,Active,,,https://www.redfin.com/VA/Henrico/9135-Derbyshire-Rd-23229/unit-F/home/59664399,CVRMLS,2400553,N,Y,37.5877201,-77.5852471
MLS Listing,,Single Family Residential,1909 Skipwith Rd,Henrico,VA,23229,355000,3,1.0,Acreage,1188,30927,1954,25,299,,Active,,,https://www.redfin.com/VA/Henrico/1909-Skipwith-Rd-23229/home/59652276,CVRMLS,2330327,N,Y,37.6105269,-77.5371091
MLS Listing,,Single Family Residential,1735 N 28th St,Richmond,VA,23223,364950,4,2.5,Valentine Hechler Plan,2062,4290,1920,25,177,,Active,,,https://www.redfin.com/VA/Richmond/1735-N-28th-St-23223/home/55412622,CVRMLS,2400936,N,Y,37.5432315,-77.4031065
MLS Listing,,Condo/Co-op,7705 Okeith Ct #1807,Henrico,VA,23228,229000,2,2.0,Shannon Green Condo,848,435,1987,25,270,235,Active,,,https://www.redfin.com/VA/Henrico/7705-Okeith-Ct-23228/unit-1807/home/59635434,CVRMLS,2400861,N,Y,37.637934,-77.5282182
MLS Listing,,Condo/Co-op,1101 Haxall Pt Unit U402,Richmond,VA,23219,439950,2,2.0,Riverside On The James,1173,1171,2005,25,375,495,Active,,,https://www.redfin.com/VA/Richmond/1101-Haxall-Point-23219/unit-U402/home/55389348,CVRMLS,2400662,N,Y,37.533405,-77.43801
MLS Listing,,Single Family Residential,3122 Woodrow Ave,Richmond,VA,23222,679450,4,4.5,ALVISTA HEIGHTS,2860,6750,2021,25,238,,Active,,,https://www.redfin.com/VA/Richmond/3122-Woodrow-Ave-23222/home/55421563,BRIGHT MLS,VARC2000436,N,Y,37.5743114,-77.4293296
MLS Listing,,Condo/Co-op,2956 Hathaway Rd Unit U104,Richmond,VA,23225,250000,2,2.0,Hathaway Tower Condominiums,1561,25330,1972,25,160,1265,Active,,,https://www.redfin.com/VA/Richmond/2956-Hathaway-Rd-23225/unit-U104/home/55396965,CVRMLS,2400771,N,Y,37.5399991,-77.5196177
MLS Listing,,Townhouse,9449 Creek Summit Cir #12,Richmond,VA,23235,549000,3,3.5,Creeks Edge At Stony Point,2008,,2024,25,273,275,Active,,,https://www.redfin.com/VA/Richmond/9449-Creek-Summit-Cir-23235/unit-12/home/185762390,CVRMLS,2400434,N,Y,37.54865,-77.576146
MLS Listing,,Single Family Residential,321 N 23rd St,Richmond,VA,23223,999950,3,2.5,,2818,3624,1910,25,355,,Active,,,https://www.redfin.com/VA/Richmond/321-N-23rd-St-23223/home/184128697,CVRMLS,2400216,N,Y,37.533393,-77.4196932
MLS Listing,,Single Family Residential,1510 Harborough Rd,Henrico,VA,23238,626000,4,2.5,Kingsley,3664,19166,1973,25,171,,Active,,,https://www.redfin.com/VA/Henrico/1510-Harborough-Rd-23238/home/59656847,CVRMLS,2400768,N,Y,37.6034833,-77.6125087
MLS Listing,,Single Family Residential,104 Carterwood Pl,Henrico,VA,23229,1690000,5,3.5,River Road Farms,3827,33541,2024,25,442,,Active,,,https://www.redfin.com/VA/Henrico/104-Carterwood-Pl-23229/home/59670468,CVRMLS,2400978,N,Y,37.583522,-77.600142
MLS Listing,,Single Family Residential,171 Blair Estates Ct,Richmond,VA,23238,1520671,4,4.5,Blair Estates,5522,,2024,25,275,63,Active,,,https://www.redfin.com/VA/Henrico/171-Blair-Estates-CT-23238/home/189150257,CVRMLS,2400962,N,Y,37.555463,-77.426013
MLS Listing,,Single Family Residential,5005 Whitehaven Ct,Henrico,VA,23231,529900,5,2.5,White Oak Forest,3637,50790,2004,25,146,33,Active,,,https://www.redfin.com/VA/Henrico/5005-Whitehaven-Ct-23231/home/59593142,CVRMLS,2400943,N,Y,37.4754101,-77.2672974
MLS Listing,,Single Family Residential,3199 Clydewood Ave,Richmond,VA,23234,349500,3,2.0,Rose Of Sharon,1452,27442,2023,25,241,,Active,,,https://www.redfin.com/VA/Richmond/3199-Clydewood-Ave-23234/home/55404263,CVRMLS,2400895,N,Y,37.476215,-77.470093
MLS Listing,,Single Family Residential,2307 Whitcomb St,Richmond,VA,23223,259000,3,2.0,Eastview,1295,6730,1955,26,200,,Active,February-11-2024 01:00 PM,February-11-2024 03:00 PM,https://www.redfin.com/VA/Richmond/2307-Whitcomb-St-23223/home/55415773,CVRMLS,2400533,N,Y,37.5537244,-77.417512
MLS Listing,,Single Family Residential,814 Pepper Ave,Richmond,VA,23226,1374950,5,4.0,Westhampton Heights Annex,3076,7622,2024,26,447,,Active,,,https://www.redfin.com/VA/Richmond/814-Pepper-Ave-23226/home/55451081,CVRMLS,2400674,N,Y,37.5825138,-77.5228388
MLS Listing,,Townhouse,904 Wellston Ct,Glen Allen,VA,23059,384999,3,2.5,Villages At The Crossings,2850,2160,2007,26,135,250,Active,,,https://www.redfin.com/VA/Glen-Allen/904-Wellston-Ct-23059/home/59604691,CVRMLS,2400678,N,Y,37.6730671,-77.4454862
MLS Listing,,Multi-Family (2-4 Unit),2717 W Grace St,Richmond,VA,23220,800000,4,4.0,,3056,3249,1911,26,262,,Active,,,https://www.redfin.com/VA/Richmond/2717-W-Grace-St-23220/home/55442852,CVRMLS,2400790,N,Y,37.5607496,-77.4697213
MLS Listing,,Single Family Residential,3902 Corbin St,Richmond,VA,23222,310000,3,2.0,Oak Park,1096,14697,1920,27,283,,Active,,,https://www.redfin.com/VA/Richmond/3902-Corbin-St-23222/home/55427824,CVRMLS,2400394,N,Y,37.5873754,-77.4426997
MLS Listing,,Single Family Residential,10424 Greglynn Rd,Chesterfield,VA,23236,339900,3,1.5,Chestnut Hills,1425,16030,1972,27,239,,Active,,,https://www.redfin.com/VA/North-Chesterfield/10424-Greglynn-Rd-23236/home/59524845,CVRMLS,2400006,N,Y,37.4605645,-77.5870379
MLS Listing,,Single Family Residential,2117 Whitcomb St,Richmond,VA,23223,219950,3,1.0,Rico,864,7501,1954,27,255,,Active,,,https://www.redfin.com/VA/Richmond/2117-Whitcomb-St-23223/home/55413039,CVRMLS,2400819,N,Y,37.5536782,-77.4186593
MLS Listing,,Townhouse,3053 Fletcher Aly,Glen Allen,VA,23059,438950,3,2.5,River Mill,1968,,2024,27,223,212,Active,,,https://www.redfin.com/VA/Glen-Allen/3053-Fletcher-Aly-23059/home/185538320,CVRMLS,2400820,N,Y,37.6827288,-77.4723908
MLS Listing,,Single Family Residential,1807 N 29th St,Richmond,VA,23223,333950,4,3.0,Valentine Hechler Plan,1600,4887,2024,27,209,,Active,,,https://www.redfin.com/VA/Richmond/1807-N-29th-St-23223/home/55389614,CVRMLS,2400654,N,Y,37.5424976,-77.4023224
MLS Listing,,Townhouse,317 W 20th St,Richmond,VA,23225,475000,3,2.5,Belle Heights,1972,2099,2022,27,241,115,Active,,,https://www.redfin.com/VA/Richmond/317-W-20th-St-23225/home/189122111,CVRMLS,2400725,N,Y,37.5213152,-77.4528903
MLS Listing,,Multi-Family (2-4 Unit),1716 Monteiro,Richmond,VA,23222,550000,,,Barton Heights,3800,,1893,27,145,,Active,,,https://www.redfin.com/VA/Richmond/1716-Monteiro-Ave-23222/home/55417450,CVRMLS,2400756,N,Y,37.5583692,-77.4305186
MLS Listing,,Condo/Co-op,3510 E Richmond Rd Unit U26,Richmond,VA,23223,99945,1,1.0,Villas Of Oakwood South,560,522,1966,27,178,121,Active,,,https://www.redfin.com/VA/Richmond/3510-E-Richmond-Rd-23223/unit-U26/home/55390151,CVRMLS,2400745,N,Y,37.5323019,-77.3946959
MLS Listing,,Single Family Residential,11309 Woodford Pl,Glen Allen,VA,23059,989950,5,6.0,Hunton Estates,5285,22294,2006,28,187,18,Active,,,https://www.redfin.com/VA/Glen-Allen/11309-Woodford-Pl-23059/home/59601978,CVRMLS,2329910,N,Y,37.6797963,-77.5073206
MLS Listing,,Single Family Residential,8307 Spring Meadow Rd,North Chesterfield,VA,23235,594900,4,2.5,Spring Grove,3480,27747,1984,28,171,,Active,,,https://www.redfin.com/VA/North-Chesterfield/8307-Spring-Meadow-Rd-23235/home/59537910,CVRMLS,2329163,N,Y,37.514875,-77.550556
MLS Listing,,Vacant Land,4612 Riverside Dr,Richmond,VA,23225,385000,,,South Bank Ridge,,15768,,28,,,Active,,,https://www.redfin.com/VA/Richmond/4612-Riverside-Dr-23225/home/160430108,CVRMLS,2400595,N,Y,37.5258369,-77.4798257
MLS Listing,,Townhouse,1719 Foxcreek Cir,Henrico,VA,23238,329950,3,2.0,Foxfire,1441,3720,1980,28,229,305,Active,,,https://www.redfin.com/VA/Henrico/1719-Foxcreek-Cir-23238/home/59649775,CVRMLS,2400693,N,Y,37.6115506,-77.5978267
MLS Listing,,Single Family Residential,3246 Manorcrest Rd,Richmond,VA,23234,399000,5,3.0,British Camp Farm,2258,12750,1951,29,177,,Active,,,https://www.redfin.com/VA/Richmond/3246-Manorcrest-Rd-23234/home/55404835,CVRMLS,2400471,N,Y,37.4723714,-77.4761459
MLS Listing,,Single Family Residential,2004 Harwood St,Richmond,VA,23224,245950,3,2.0,Center Hill,1067,7100,1956,29,231,,Active,,,https://www.redfin.com/VA/Richmond/2004-Harwood-St-23224/home/55435037,CVRMLS,2400625,N,Y,37.5035256,-77.4400198
MLS Listing,,Vacant Land,6480 White Oak Rd,Sandston,VA,23150,300000,,,,,207824,,29,,,Active,,,https://www.redfin.com/VA/Sandston/6480-White-Oak-Rd-23150/home/163331665,CVRMLS,2400597,N,Y,37.485977,-77.212588
MLS Listing,,Single Family Residential,8906 Traditional Dr,Henrico,VA,23294,439000,4,2.5,Traditional Manor,1854,11251,1972,31,237,,Active,,,https://www.redfin.com/VA/Henrico/8906-Traditional-Dr-23294/home/59626729,CVRMLS,2330378,N,Y,37.6405832,-77.5413192
MLS Listing,,Single Family Residential,3065 Kenova Dr,Chesterfield,VA,23237,309999,3,1.5,Quail Oaks,1456,14505,1969,31,213,,Active,,,https://www.redfin.com/VA/North-Chesterfield/3065-Kenova-Dr-23237/home/59570887,CVRMLS,2400453,N,Y,37.3870483,-77.4386205
MLS Listing,,Single Family Residential,12005 Carmon St,Henrico,VA,23233,600000,5,3.5,Sherbrooke,2764,11016,1991,32,217,5,Active,,,https://www.redfin.com/VA/Henrico/12005-Carmon-St-23233/home/59624602,CVRMLS,2330302,N,Y,37.6407085,-77.617074
MLS Listing,,Vacant Land,7001 Winthrop St,Henrico,VA,23231,50000,,,Sunset Heights,,12488,,32,,,Active,,,https://www.redfin.com/VA/Henrico/7001-Winthrop-St-23231/home/59693501,CVRMLS,2329456,N,Y,37.473771,-77.391997
MLS Listing,,Single Family Residential,608 Pollock St,Richmond,VA,23222,239900,3,2.0,Hillcrest Park,1470,5227,1900,32,163,,Active,,,https://www.redfin.com/VA/Richmond/608-Pollock-St-23222/home/55423868,CVRMLS,2400319,N,Y,37.5767554,-77.4231223
MLS Listing,,Vacant Land,912 N 2nd St,Richmond,VA,23219,74950,,,Carver,,4822,,32,,,Active,,,https://www.redfin.com/VA/Richmond/912-N-2nd-St-23219/home/167869181,CVRMLS,2400422,N,Y,37.550705,-77.43474
MLS Listing,,Single Family Residential,1 W Main St,Richmond,VA,23220,1850000,6,5.5,,11454,,1841,32,162,,Active,,,https://www.redfin.com/VA/Richmond/1-W-Main-St-23220/home/173173938,CVRMLS,2400175,N,Y,37.5429475,-77.4447011
MLS Listing,,Single Family Residential,111 Marlin Dr,Henrico,VA,23223,385000,4,3.0,Martins Manor,1979,15076,1955,32,195,,Active,,,https://www.redfin.com/VA/Richmond/111-Marlin-Dr-23223/home/59680549,CVRMLS,2330326,N,Y,37.5400627,-77.3733331
MLS Listing,,Single Family Residential,1434 Rogers St,Richmond,VA,23223,314900,5,2.0,East End,1544,3750,1920,33,204,,Active,,,https://www.redfin.com/VA/Richmond/1434-Rogers-St-23223/home/55411870,CVRMLS,2330276,N,Y,37.5463722,-77.4150388
MLS Listing,,Condo/Co-op,612 Franklin St Unit U9C,Richmond,VA,23220,595000,3,3.0,Prestwould Condominiums,2560,35719,1927,33,232,1764,Active,,,https://www.redfin.com/VA/Richmond/612-W-Franklin-St-23220/unit-U9C/home/55437626,CVRMLS,2327132,N,Y,37.5478229,-77.4494409
MLS Listing,,Single Family Residential,2704 Bowles Ln,Glen Allen,VA,23060,649950,3,3.0,Glen Allen Heights Addition,3903,36586,1829,33,167,,Active,,,https://www.redfin.com/VA/Glen-Allen/2704-Bowles-Ln-23060/home/59616991,CVRMLS,2330067,N,Y,37.6633662,-77.5019668
MLS Listing,,Single Family Residential,4711 Brittles Ln,Henrico,VA,23231,274900,3,1.0,Gilbert Property,1649,33867,1942,33,167,,Active,,,https://www.redfin.com/VA/Henrico/4711-Brittles-Ln-23231/home/59686744,CVRMLS,2400304,N,Y,37.522327,-77.3764728
MLS Listing,,Townhouse,416 Broad Hill Trl,Henrico,VA,23233,565000,3,3.0,Saunders Station At Broad Hill Centre,2514,142005,2019,33,225,208,Active,,,https://www.redfin.com/VA/Henrico/416-Broad-Hill-Trl-23233/home/171367538,CVRMLS,2400144,N,Y,37.6675033,-77.6437033
MLS Listing,,Single Family Residential,1818 Bloomfield Rd,North Chesterfield,VA,23235,474900,3,2.0,Crestwood Farms,1924,40510,1962,33,247,,Active,,,https://www.redfin.com/VA/North-Chesterfield/1818-Bloomfield-Rd-23225/home/59540744,CVRMLS,2330164,N,Y,37.5241053,-77.542215
MLS Listing,,Condo/Co-op,5320 Good Landing Rd #103,Glen Allen,VA,23059,463910,3,2.5,Twin Hickory,1618,,2023,33,287,278,Active,February-10-2024 12:00 PM,February-10-2024 04:00 PM,https://www.redfin.com/VA/Glen-Allen/5320-Good-Landing-RD-Unknown/unit-103/home/184875850,CVRMLS,2400127,N,Y,37.662655,-77.611786
MLS Listing,,Single Family Residential,3504 Howard Rd,Richmond,VA,23223,279950,3,1.5,Glenwood Farms,1118,10506,1957,33,250,,Active,,,https://www.redfin.com/VA/Richmond/3504-Howard-Rd-23223/home/59676771,CVRMLS,2400274,N,Y,37.5715519,-77.3901966
MLS Listing,,Single Family Residential,3613 Shining Armor Ln,Richmond,VA,23231,477810,4,3.0,Castleton,2594,9522,2023,34,184,62,Active,,,https://www.redfin.com/VA/Henrico/3613-Shining-Armor-Ln-23231/home/189064414,CVRMLS,2400235,N,Y,37.4623992,-77.3235382
MLS Listing,,Single Family Residential,7012 Havering Way,Richmond,VA,23231,465665,4,2.5,Castleton,2345,,2023,34,199,62,Active,,,https://www.redfin.com/VA/Henrico/7012-Havering-Way-23231/home/179060473,CVRMLS,2400162,N,Y,37.4599819,-77.321887
MLS Listing,,Townhouse,11810 Edinborough Sq,Henrico,VA,23238,349990,3,3.0,Sussex Square,1775,6263,1979,34,197,450,Active,,,https://www.redfin.com/VA/Henrico/11810-Edinborough-Sq-23238/home/59647749,CVRMLS,2330045,N,Y,37.61293,-77.6292886
MLS Listing,,Townhouse,5924 Addison Gate Dr,Chesterfield,VA,23234,335000,3,2.5,Austin Woods,1569,,2022,35,214,155,Active,,,https://www.redfin.com/VA/North-Chesterfield/5924-Addison-Gate-Dr-23234/home/176335040,CVRMLS,2330202,N,Y,37.42325,-77.498127
MLS Listing,,Single Family Residential,4302 8th St,Richmond,VA,23223,310000,3,2.0,WINDSOR PLACE,1440,,2020,35,215,,Active,,,https://www.redfin.com/VA/Richmond/4302-8th-St-23223/home/59683975,BRIGHT MLS,VAHN2000402,N,Y,37.5345428,-77.374589
MLS Listing,,Single Family Residential,2789 Sanctuary Commons Ct,Henrico,VA,23231,443002,4,3.0,Four Mile Run,2216,,2024,35,200,60,Active,,,https://www.redfin.com/VA/Henrico/2789-Sanctuary-Commons-Ct-23231/home/179477110,CVRMLS,2400020,N,Y,37.441937,-77.336541
MLS Listing,,Single Family Residential,2792 Sanctuary Commons Ct,Henrico,VA,23231,443002,4,3.0,Four Mile Run,2216,,2024,35,200,60,Active,,,https://www.redfin.com/VA/Henrico/2792-Sanctuary-Commons-Ct-23231/home/179054472,CVRMLS,2400019,N,Y,37.4424794,-77.3371918
MLS Listing,,Condo/Co-op,2435 Ownby Ln Unit B12,Richmond,VA,23220,589200,3,2.5,The Outpost at Brewers Row,2516,,2024,35,234,270,Active,,,https://www.redfin.com/VA/Richmond/2435-Ownby-Ln-23220/unit-B12/home/186067109,CVRMLS,2400096,N,Y,37.5647823,-77.4564732
MLS Listing,,Condo/Co-op,2433 Ownby Ln Unit B10,Richmond,VA,23220,593980,3,2.5,The Outpost at Brewers Row,2517,,2024,35,236,270,Active,,,https://www.redfin.com/VA/Richmond/2433-Ownby-Ln-23220/unit-B10/home/186066944,CVRMLS,2400093,N,Y,37.5647474,-77.4564133
MLS Listing,,Condo/Co-op,2439 Ownby Ln Unit B13,Richmond,VA,23220,483440,2,2.5,The Outpost at Brewers Row,1517,,2024,35,319,270,Active,,,https://www.redfin.com/VA/Richmond/2439-Ownby-Ln-23220/unit-B13/home/186035034,CVRMLS,2400090,N,Y,37.5647333,-77.4562972
MLS Listing,,Townhouse,2431 Ownby Ln Unit B9,Richmond,VA,23220,481490,2,2.5,The Outpost at Brewers Row,1517,,2024,35,317,270,Active,,,https://www.redfin.com/VA/Richmond/2431-Ownby-Ln-23220/unit-B-9/home/185299334,CVRMLS,2400085,N,Y,37.5647331,-77.4564571
MLS Listing,,Condo/Co-op,2425 Ownby Ln Unit B6,Richmond,VA,23220,594100,3,2.5,The Outpost at Brewers Row,2516,,2024,35,236,270,Active,,,https://www.redfin.com/VA/Richmond/2425-Ownby-Ln-23220/unit-B6/home/185965358,CVRMLS,2400083,N,Y,37.5647658,-77.4566492
MLS Listing,,Single Family Residential,2792 Heather Ridge Dr,Henrico,VA,23231,434280,4,2.5,Four Mile Run,2373,,2024,35,183,60,Active,,,https://www.redfin.com/VA/Henrico/2792-Heather-Ridge-Dr-23231/home/179054365,CVRMLS,2400018,N,Y,37.442893,-77.338212
MLS Listing,,Single Family Residential,2932 Goldeneye Ln,Henrico,VA,23231,449650,4,2.5,Four Mile Run,2666,,2024,35,169,60,Active,,,https://www.redfin.com/VA/Henrico/2932-Goldeneye-Ln-23231/home/185539491,CVRMLS,2400021,N,Y,37.443042,-77.33638
MLS Listing,,Townhouse,3805 Wild Goose Walk,Glen Allen,VA,23060,685000,4,4.5,ALL OTHERS AREA 150,2952,,2012,35,232,310,Active,,,https://www.redfin.com/VA/Glen-Allen/3805-Wild-Goose-Walk-23060/home/59610181,REINMLS,10514704,N,Y,37.6461895,-77.6035282
MLS Listing,,Single Family Residential,404 W 33rd St,Richmond,VA,23225,490000,4,1.5,Woodland Heights,2166,6956,1910,36,226,,Active,,,https://www.redfin.com/VA/Richmond/404-W-33rd-St-23225/home/55430757,CVRMLS,2329880,N,Y,37.515869,-77.46787
MLS Listing,,Townhouse,2665 Chancer Dr,Henrico,VA,23233,349950,4,2.0,Cedar Hill,1700,1916,1987,36,206,260,Active,,,https://www.redfin.com/VA/Henrico/2665-Chancer-Dr-23233/home/59630878,CVRMLS,2330303,N,Y,37.6302485,-77.6428189
MLS Listing,,Single Family Residential,3412 R St,Richmond,VA,23223,319950,3,2.5,East End,1840,,1910,36,174,,Active,,,https://www.redfin.com/VA/Richmond/3412-R-St-23223/home/55413338,CVRMLS,2400000,N,Y,37.5342254,-77.4024367
MLS Listing,,Single Family Residential,5219 Scotsglen Dr,Glen Allen,VA,23059,575000,4,2.5,Scotsglen,2306,9034,1998,37,249,83,Active,,,https://www.redfin.com/VA/Glen-Allen/5219-Scotsglen-Dr-23059/home/59614408,CVRMLS,2330376,N,Y,37.6784833,-77.5927234
MLS Listing,,Townhouse,3240 Hunters Mill Cir #3240,Richmond,VA,23223,235000,3,1.5,Hunters Mill Townhouses,1254,3493,1976,38,187,140,Active,,,https://www.redfin.com/VA/Richmond/3240-Hunters-Mill-Cir-23223/unit-3240/home/189040684,CVRMLS,2330251,N,Y,37.5697348,-77.3813496
MLS Listing,,Townhouse,3253 Hunters Mill Dr #3253,Richmond,VA,23223,235000,3,1.5,Hunters Mill Townhouses,1254,2186,1976,38,187,140,Active,,,https://www.redfin.com/VA/Richmond/3253-Hunters-Mill-Dr-23223/unit-3253/home/189040653,CVRMLS,2330242,N,Y,37.5686738,-77.3811196
MLS Listing,,Single Family Residential,3209 Hargrove Ave,Richmond,VA,23222,359950,4,2.0,Brentwood,1806,12031,1983,39,199,,Active,,,https://www.redfin.com/VA/Richmond/3209-Hargrove-Ave-23222/home/59676147,CVRMLS,2330298,N,Y,37.5723632,-77.4019154
MLS Listing,,Townhouse,344 Becklow Ave,Henrico,VA,23233,899999,4,4.5,Greengate,3033,1681,2022,40,297,190,Active,,,https://www.redfin.com/VA/Henrico/344-Becklow-Ave-23233/home/167794772,CVRMLS,2329411,N,Y,37.658895,-77.639329
MLS Listing,,Single Family Residential,5409 Parker St,Richmond,VA,23231,275000,3,2.5,Powhatan Annex,1562,4068,2007,40,176,,Active,,,https://www.redfin.com/VA/Richmond/5409-Parker-St-23231/home/55389755,CVRMLS,2330262,N,Y,37.5096079,-77.3950255
MLS Listing,,Single Family Residential,8 Roslyn Hills Dr,Henrico,VA,23229,1039950,5,3.0,Roslyn Hills,4432,34739,1974,41,235,,Active,,,https://www.redfin.com/VA/Henrico/8-Roslyn-Hills-Dr-23229/home/59675609,CVRMLS,2329455,N,Y,37.5717226,-77.56586
MLS Listing,,Single Family Residential,2407 Peter Paul Blvd,Richmond,VA,23223,254900,3,2.0,Peter Paul Tract,1080,6973,1946,41,236,,Active,,,https://www.redfin.com/VA/Richmond/2407-Peter-Paul-Blvd-23223/home/55416509,CVRMLS,2330256,N,Y,37.5465636,-77.4050398
MLS Listing,,Single Family Residential,3715 Harris Ave,Fairfield,VA,23223,318950,3,2.5,Pemberton Place,1344,10240,2022,42,237,,Active,,,https://www.redfin.com/VA/Richmond/3715-Harris-Ave-23223/home/59674293,CVRMLS,2330173,N,Y,37.576663,-77.394508
MLS Listing,,Single Family Residential,5200 Lee Ave,Henrico,VA,23226,499950,3,2.0,North Willow Lawn,1436,17236,1954,45,348,,Active,,,https://www.redfin.com/VA/Richmond/5200-Lee-Ave-23226/home/59673269,CVRMLS,2328660,N,Y,37.5824751,-77.5015859
MLS Listing,,Single Family Residential,254 Taylor Rd,Sandston,VA,23150,374800,4,2.5,,1831,,2023,47,205,,Active,,,https://www.redfin.com/VA/Sandston/254-Taylor-Rd-23150/home/59685860,CVRMLS,2330087,N,Y,37.532868,-77.288395
MLS Listing,,Single Family Residential,5600 Omo Rd,North Chesterfield,VA,23234,431061,4,2.5,,1982,,2023,47,217,,Active,,,https://www.redfin.com/VA/North-Chesterfield/5600-Omo-Rd-23234/home/59550534,CVRMLS,2330081,N,Y,37.429789,-77.498701
MLS Listing,,Single Family Residential,5616 Omo Rd,North Chesterfield,VA,23234,396075,4,2.5,,1852,,2023,47,214,,Active,,,https://www.redfin.com/VA/North-Chesterfield/5616-Omo-Rd-23234/home/59550538,CVRMLS,2330060,N,Y,37.42969,-77.499201
MLS Listing,,Single Family Residential,2100 Wood St,Richmond,VA,23223,209500,3,1.0,Rico,862,9866,1958,47,243,,Active,,,https://www.redfin.com/VA/Richmond/2100-Wood-St-23223/home/55413320,CVRMLS,2329963,N,Y,37.5527958,-77.419942
MLS Listing,,Single Family Residential,2111 Hicks Rd,Chesterfield,VA,23235,370000,4,2.0,,1068,182952,1963,47,346,,Active,,,https://www.redfin.com/VA/North-Chesterfield/2111-Hicks-Rd-23235/home/59534965,CVRMLS,2330053,N,Y,37.4687338,-77.5581132
MLS Listing,,Single Family Residential,208 Brandon Rd,Richmond,VA,23224,240000,3,2.0,GREEN ACRES,1237,9000,1948,48,194,,Active,,,https://www.redfin.com/VA/Richmond/208-Brandon-Rd-23224/home/55400391,BRIGHT MLS,VARC2000430,N,Y,37.5047786,-77.4838426
